"id","last_name","first_name","email","parliament_phone","parliament_fax","office_address","office_suburb","office_state","office_postcode","office_fax","office_phone","party_id","electorate_id","created_at","updated_at","mailing_address","mailing_suburb","mailing_state","mailing_postcode"
"1","Abbott","Tony","tony.abbott.mp@aph.gov.au","(02) 6277 4722","(02) 6277 8403","Level 2, 17 Sydney Road","Manly","NSW","2095","(02) 9977 8715","(02) 9977 6411","2","144","2018-02-16 10:24:42","2018-02-16 10:24:42","PO Box 450","Manly","NSW","2095"
"2","Albanese","Anthony","A.Albanese.MP@aph.gov.au","(02) 6277 4664","(02) 6277 8532","334A Marrickville Road","Marrickville","NSW","2204","(02) 9564 1734","(02) 9564 3588","1","63","2018-02-16 10:24:42","2018-02-16 10:24:42","334A Marrickville Road","Marrickville","NSW","2204"
"3","Alexander","John","john.alexander.mp@aph.gov.au","(02) 6277 4804","(02) 6277 8581","Suite 1, 44 - 46 Oxford St","Epping","NSW","2121","(02) 9869 4833","(02) 9869 4288","2","10","2018-02-16 10:24:42","2018-02-16 10:24:42","PO Box 872","Epping","NSW","2121"
"4","Andrews","Karen","Karen.Andrews.MP@aph.gov.au","(02) 6277 4360","(02) 6277 8462","Ground Floor The Point 47 Watts Drive","Varsity Lakes","QLD","4227","(07) 5580 9700","(07) 5580 9111","2","105","2018-02-16 10:24:42","2018-02-16 10:24:42","PO Box 409","Varsity Lakes","QLD","4227"
"5","Andrews","Kevin","menzies@aph.gov.au","(02) 6277 4023","(02) 6277 4074","1st Floor 651-653 Doncaster Road","Doncaster","VIC","3108","(03) 9848 2741","(03) 9848 9900","2","108","2018-02-16 10:24:42","2018-02-16 10:24:42","PO Box 124","Doncaster","VIC","3108"
"6","Swanson","Meryl","Meryl.Swanson.MP@aph.gov.au","(02) 6277 4248","(02) 6277 8487","35 Sturgeon Street","Raymond Terrace","NSW","2324",,"(02) 4983 2401","1","122","2018-02-16 10:24:42","2018-02-16 10:24:42","PO Box 156","Raymond Terrace","NSW","2324"
"7","Bandt","Adam","adam.bandt.mp@aph.gov.au","(02) 6277 4775","(02) 6277 8583","296 Brunswick Street","Fitzroy","VIC","3065","(03) 9417 2737","(03) 9417 0759","3","106","2018-02-16 10:24:42","2018-02-16 10:24:42","296 Brunswick Street","Fitzroy","VIC","3065"
"8","Crewther","Chris","Chris.Crewther.MP@aph.gov.au","(02) 6277 4710","(02) 6277 8549","435 Nepean Highway","Frankston","VIC","3199","(03) 9783 7912","(03) 9781 2333","2","43","2018-02-16 10:24:42","2018-02-16 10:24:42","PO Box 501","Frankston","VIC","3199"
"9","Bird","Sharon","Sharon.Bird.MP@aph.gov.au","(02) 6277 4244","(02) 6277 4260","74 Crown Street","Wollongong","NSW","2500","(02) 4228 5077","(02) 4228 5899","1","36","2018-02-16 10:24:42","2018-02-16 10:24:42","PO Box 387","Wollongong","NSW","2520"
"10","Falinski","Jason","Jason.Falinski.MP@aph.gov.au","(02) 6277 2324","(02) 6277 8555","Shop 1, 1238-1246, Pittwater Road","Narrabeen","NSW","2101","(02) 9913 9577","(02) 8484 0300","2","95","2018-02-16 10:24:42","2018-02-16 10:24:42","Shop 1, 1238-1246, Pittwater Road","Narrabeen","NSW","2101"
"11","Bishop","Julie","Julie.Bishop.MP@aph.gov.au","(02) 6277 7500","(02) 6273 4112","414 Rokeby Road","Subiaco","WA","6008","(08) 9388 0299","(08) 9388 0288","2","37","2018-02-16 10:24:42","2018-02-16 10:24:42","PO Box 2010","Subiaco","WA","6904"
"12","Bowen","Chris","Chris.Bowen.MP@aph.gov.au","(02) 6277 4822","(02) 6277 8587","Shops 3 & 4, 398 Hamilton Road","Fairfield","NSW","2165","(02) 9609 3873","(02) 9604 0710","1","103","2018-02-16 10:24:42","2018-02-16 10:24:42","PO Box W210","Fairfield","NSW","2165"
"13","Sharkie","Rebekha","vacant@getup.org.au","(02) 6277 2113","(02) 6277 8451","1/72 Gawler Street","Mt Barker","SA","5251",,"(08) 8398 5566","52","101","2018-02-16 10:24:42","2018-02-16 10:24:42","PO Box 1601","Mt Barker","SA","5251"
"14","Broad","Andrew","andrew.broad.mp@aph.gov.au","(02) 6277 4761","(02) 6277 2356","Suite 1, Level 1, 146 Eighth Street","Mildura","VIC","3500","(03) 5023 3274","1300 131 620","4","98","2018-02-16 10:24:42","2018-02-16 10:24:42","PO Box 1133","Mildura","VIC","3502"
"15","Broadbent","Russell","Russell.Broadbent.MP@aph.gov.au","(02) 6277 4233","(02) 6277 8485","46C Albert Street","Warragul","VIC","3820","(03) 5623 2509","(03) 5623 2064","2","104","2018-02-16 10:24:43","2018-02-16 10:24:43","46C Albert Street","Warragul","VIC","3820"
"16","Brodtmann","Gai","gai.brodtmann.mp@aph.gov.au","(02) 6277 4811","(02) 6277 8585","205 Anketell St","Tuggeranong","ACT","2900","(02) 6293 1068","(02) 6293 1344","1","24","2018-02-16 10:24:43","2018-02-16 10:24:43","205 Anketell St","Tuggeranong","ACT","2900"
"17","Wallace","Andrew","Andrew.Wallace.MP@aph.gov.au","(02) 6277 4282","(02) 6277 8406","The Edge' Upper Level East, Unit 11, 10 Lake Kawana Boulevard","Bokarina","QLD","4575",,"(07) 5493 5556","2","49","2018-02-16 10:24:43","2018-02-16 10:24:43","PO Box 1224","Buddina","QLD","4575"
"18","Buchholz","Scott","scott.buchholz.mp@aph.gov.au","(02) 6277 4144","(02) 6277 4177","21 William Street","Beaudesert","QLD","4285","(07) 5541 4150","(07) 5541 0150","2","150","2018-02-16 10:24:43","2018-02-16 10:24:43","PO Box 628","Beaudesert","QLD","4285"
"19","Banks","Julia","Julia.Banks.MP@aph.gov.au","(02) 6277 4029","(02) 6277 8477","Level 1, 140 Burwood Highway","Burwood","VIC","3125","(03) 9232 8819","(03) 9808 3188","2","30","2018-02-16 10:24:43","2018-02-16 10:24:43","PO Box 102","Burwood","VIC","3125"
"20","Burke","Tony","Tony.Burke.MP@aph.gov.au","(02) 6277 4410","(02) 6277 2215","Shop 29, Broadway Plaza","Punchbowl","NSW","2196","(02) 9759 2859","(02) 9750 9088","1","145","2018-02-16 10:24:43","2018-02-16 10:24:43","PO Box 156","Punchbowl","NSW","2196"
"21","Butler","Mark","mark.butler.mp@aph.gov.au","(02) 6277 4089","(02) 6277 2222","21 Commercial Road","Port Adelaide","SA","5015","(08) 8241 0198","(08) 8241 0190","1","126","2018-02-16 10:24:43","2018-02-16 10:24:43","PO Box 2038","Port Adelaide","SA","5015"
"22","Byrne","Anthony","Anthony.Byrne.MP@aph.gov.au","(02) 6277 4309","(02) 6277 8473","Shop HM 2B, 8-10 Overland Drive","Fountain Gate","Vic","3805","(03) 9796 7088","(03) 9796 7533","1","73","2018-02-16 10:24:43","2018-02-16 10:24:43","Shop HM 2B, 8-10 Overland Drive","Fountain Gate","Vic","3805"
"23","Chalmers","Jim","jim.chalmers.mp@aph.gov.au","(02) 6277 4880","(02) 6277 4908","Shop 65 Logan Central Plaza, Wembley Road","Woodridge","Qld","4114","(07) 3208 8744","(07) 3299 5910","1","127","2018-02-16 10:24:43","2018-02-16 10:24:43","PO Box 349","Woodridge","Qld","4114"
"24","Champion","Nick","Nick.Champion.MP@aph.gov.au","(02) 6277 4451","(02) 6277 8511","Shop 89, 600 Main North Road","Smithfield","SA","5114","(08) 8284 2433","(08) 8284 2422","1","142","2018-02-16 10:24:43","2018-02-16 10:24:43","PO Box 288","Smithfield","SA","5114"
"25","Chester","Darren","darren.chester.mp@aph.gov.au","(02) 6277 7820",,"Level 1, 89 Raymond Street","Sale","VIC","3850","(03) 5144 3945","(03) 5144 6744","4","60","2018-02-16 10:24:43","2018-02-16 10:24:43","PO Box 486","Sale","VIC","3853"
"26","Chesters","Lisa","lisa.chesters.mp@aph.gov.au","(02) 6277 4657","(02) 6277 2357","Cnr. Williamson & Myers Streets","Bendigo","VIC","3550","(03) 5443 9736","(03) 5443 9055","1","9","2018-02-16 10:24:43","2018-02-16 10:24:43","PO Box 338","Bendigo","VIC","3550"
"27","Christensen","George","george.christensen.mp@aph.gov.au","(02) 6277 4538","(02) 6277 8508","2/21 Milton Street","Mackay","QLD","4740","(07) 4944 0575","(07) 4944 0662","4","38","2018-02-16 10:24:43","2018-02-16 10:24:43","PO Box 1697","Mackay","QLD","4740"
"28","Ciobo","Steven","steven.ciobo.mp@aph.gov.au","(02) 6277 7420","(02) 6273 4128","Ground Floor West, 67 Thomas Drive","Chevron Island","Qld","4217","(07) 5504 6944","(07) 5504 6000","2","110","2018-02-16 10:24:43","2018-02-16 10:24:43","PO Box 4922","Gold Coast Mail Centre","Qld","9726"
"29","Clare","Jason","jason.clare.mp@aph.gov.au","(02) 6277 4904","(02) 6277 4750","Suite 7 Level 1, 400 Chapel Road","Bankstown","NSW","2200","(02) 9790 0770","(02) 9790 2466","1","13","2018-02-16 10:24:43","2018-02-16 10:24:43","PO Box 153","Bankstown","NSW","1885"
"30","Claydon","Sharon","sharon.claydon.mp@aph.gov.au","(02) 6277 4285","(02) 6277 2378","427 Hunter Street","Newcastle","NSW","2300","(02) 4926 1895","(02) 4926 1555","1","115","2018-02-16 10:24:43","2018-02-16 10:24:43","427 Hunter Street","Newcastle","NSW","2300"
"31","Gee","Andrew","Andrew.Gee.MP@aph.gov.au","(02) 6277 2150","(02) 6277 8483","Suite 1/179A Anson Street","Orange","NSW","2800","(02) 6362 3480","(02) 6361 7138","4","22","2018-02-16 10:24:43","2018-02-16 10:24:43","PO Box 673","Orange","NSW","2800"
"32","Coleman","David","david.coleman.mp@aph.gov.au","(02) 6277 4188","(02) 6277 2353","22 Revesby Place","Revesby","NSW","2212","(02) 9773 4144","(02) 9771 3400","2","4","2018-02-16 10:24:43","2018-02-16 10:24:43","PO Box 564","Revesby","NSW","2212"
"33","Collins","Julie","julie.collins.mp@aph.gov.au","(02) 6277 4107","(02) 6277 2321","18 Ross Avenue","Rosny Park","TAS","7018","(03) 6244 1211","(03) 6244 1222","1","55","2018-02-16 10:24:43","2018-02-16 10:24:43","PO Box 38","Rosny Park","TAS","7018"
"34","Keogh","Matt","Matt.Keogh.MP@aph.gov.au","(02) 6277 2200","(02) 6277 8513","Unit 2, 2808 Albany Highway","Kelmscott","WA","6111","(08) 9390 0201","(08) 9390 0180","1","151","2018-02-16 10:24:43","2018-02-16 10:24:43","PO Box 465","Kelmscott","WA","6991"
"35","Coulton","Mark","Mark.Coulton.MP@aph.gov.au","(02) 6277 4607","(02) 6277 8504","Shop 3, 153 Brisbane Street","Dubbo","NSW","2830","(02) 6882 9935","(02) 6882 0999","4","120","2018-02-16 10:24:43","2018-02-16 10:24:43","Shop 3, 153 Brisbane Street","Dubbo","NSW","2830"
"36","Danby","Michael","Michael.Danby.MP@aph.gov.au","(02) 6277 4520","(02) 6277 8480","117 Fitzroy Street","St Kilda West","VIC","3182","(03) 9534 1575","(03) 9534 8126","1","107","2018-02-16 10:24:43","2018-02-16 10:24:43","PO Box 2086","St Kilda West","VIC","3182"
"37","Dreyfus","Mark","mark.dreyfus.mp@aph.gov.au","(02) 6277 4205","(02) 6277 8523","566 Main Street","Mordialloc","VIC","3195","(03) 9587 9534","(03) 9580 4651","1","79","2018-02-16 10:24:43","2018-02-16 10:24:43","566 Main Street","Mordialloc","VIC","3195"
"38","Dutton","Peter","Peter.Dutton.MP@aph.gov.au","(02) 6277 7860","(02) 6273 4144","3/199 Gympie Road","Strathpine","QLD","4500","(07) 3205 5111","(07) 3205 9977","2","41","2018-02-16 10:24:43","2018-02-16 10:24:43","PO Box 2012","Strathpine","QLD","4500"
"39","Elliot","Justine","Justine.Elliot.MP@aph.gov.au","(02) 6277 4554","(02) 6277 8520","Suite 6, Hallmark Centre, 107-111 Minjungbal Drive","Tweed Heads South","NSW","2486","(07) 5523 4379","(07) 5523 4371","1","129","2018-02-16 10:24:43","2018-02-16 10:24:43","PO Box 6996","Tweed Heads South","NSW","2486"
"40","Ellis","Kate","Kate.Ellis.MP@aph.gov.au","(02) 6277 4479","(02) 6277 2216","161 Main North Road","Nailsworth","SA","5083","(08) 8269 2488","(08) 8269 2433","1","1","2018-02-16 10:24:43","2018-02-16 10:24:43","161 Main North Road","Nailsworth","SA","5083"
"41","Entsch","Warren","warren.entsch.mp@aph.gov.au","(02) 6277 4803","(02) 6277 2238","Units 3 & 4, 200 Mulgrave Road, Westcourt","Cairns","QLD","4870","(07) 4031 1592","(07) 4051 2220","2","87","2018-02-16 10:24:43","2018-02-16 10:24:43","PO Box 14","Bungalow","QLD","4870"
"42","Kearney","Ged","ged.kearney@aph.gov.au","(02) 6277 4152","(02) 6277 8559","159 High St","Preston","VIC","3072",,"(03) 9416 8690","1","8","2018-02-16 10:24:43","2018-02-16 10:24:43","159 High St","Preston","VIC","3072"
"43","Stanley","Anne","Anne.Stanley.MP@aph.gov.au","(02) 6277 2103","(02) 6277 8446","Suite 1, Level 1, 2 Oxford Road","Ingleburn","NSW","2565","(02) 9829 7499","(02) 9829 7477","1","147","2018-02-16 10:24:43","2018-02-16 10:24:43","PO Box 191","Ingleburn","NSW","1890"
"44","Fitzgibbon","Joel","Joel.Fitzgibbon.MP@aph.gov.au","(02) 6277 4550","(02) 6277 8556","3 Edward Street","Cessnock","NSW","2325","(02) 4991 2322","(02) 4991 1022","1","77","2018-02-16 10:24:43","2018-02-16 10:24:43","PO Box 526","Cessnock","NSW","2325"
"45","Fletcher","Paul","Paul.Fletcher.MP@aph.gov.au","(02) 6277 7790","(02) 6245 4396","Suite 1, Level 2, 280 Pacific Highway","Lindfield","NSW","2070","(02) 9465 3999","(02) 9465 3950","2","18","2018-02-16 10:24:43","2018-02-16 10:24:43","Suite 1, Level 2, 280 Pacific Highway","Lindfield","NSW","2070"
"46","Frydenberg","Josh","josh.frydenberg.mp@aph.gov.au","(02) 6277 7920",,"695 Burke Road","Camberwell","VIC","3124","(03) 9882 3773","(03) 9882 3677","2","84","2018-02-16 10:24:43","2018-02-16 10:24:43","695 Burke Road","Camberwell","VIC","3124"
"47","Evans","Trevor","Trevor.Evans.MP@aph.gov.au","(02) 6277 2008","(02) 6277 8411","349 Sandgate Road","Albion","QLD","4010",,"(07) 3862 4044","2","20","2018-02-16 10:24:43","2018-02-16 10:24:43","P.O. Box 143","Albion DC","QLD","4010"
"48","Giles","Andrew","andrew.giles.mp@aph.gov.au","(02) 6277 4044","(02) 6277 8417","Shop 23-25, 314-360 Childs Rd","Mill Park","VIC","3082","(03) 9404 1725","(03) 9404 1911","1","133","2018-02-16 10:24:43","2018-02-16 10:24:43","PO Box 167","Mill Park LPO","VIC","3082"
"49","Gillespie","David","david.gillespie.mp@aph.gov.au","(02) 6277 4960","(02) 6277 2856","Shops 2 & 3, 43 High Street","Wauchope","NSW","2446","(02) 6586 0934","(02) 6586 4462","4","92","2018-02-16 10:24:43","2018-02-16 10:24:43","PO Box 244","Wauchope","NSW","2446"
"50","Goodenough","Ian","ian.goodenough.mp@aph.gov.au","(02) 6277 4651","(02) 6277 2082","3 Boas Avenue","Joondalup","WA","6027","(08) 9300 2245","(08) 9300 2244","2","111","2018-02-16 10:24:43","2018-02-16 10:24:43","3 Boas Avenue","Joondalup","WA","6027"
"51","King","Madeleine","Madeleine.King.MP@aph.gov.au","(02) 6277 4354","(02) 6277 8438","Unit 1, 15 Kent Street","Rockingham","WA","6168","(02) 6277 8438","(08) 9527 9377","1","19","2018-02-16 10:24:43","2018-02-16 10:24:43","PO Box 5062","Rockingham Beach","WA","6969"
"52","Hill","Julian","Julian.Hill.MP@aph.gov.au","(02) 6277 2174","(02) 6277 8492","Shop 98A, Waverley Gardens Shopping Centre","Mulgrave","VIC","3170",,"(03) 9547 1444","1","21","2018-02-16 10:24:43","2018-02-16 10:24:43","PO Box 1034","Mulgrave","VIC","3170"
"53","Gosling","Luke","Luke.Gosling.Mp@aph.gov.au","(02) 6277 4933","(02) 6277 8427","3/266 Trower Road","Casuarina","NT","810",,"(08) 8928 0180","1","135","2018-02-16 10:24:43","2018-02-16 10:24:43","PO Box 43300","Casuarina","NT","810"
"54","Conroy","Pat","Pat.Conroy.MP@aph.gov.au","(02) 6277 4863","(02) 6277 4963","Suite 1A, 571 Pacific Highway","Belmont","NSW","2280","(02) 4945 3764","(02) 4947 9546","1","134","2018-02-16 10:24:43","2018-02-16 10:24:43","PO Box 499","Belmont","NSW","2280"
"55","Hartsuyker","Luke","Luke.Hartsuyker.MP@aph.gov.au","(02) 6277 4482","(02) 6277 8431","39 Little Street","Coffs Harbour","NSW","2450","(02) 6651 4346","(02) 6652 6233","4","35","2018-02-16 10:24:43","2018-02-16 10:24:43","PO Box 2056","Coffs Harbour","NSW","2450"
"56","Hawke","Alex","alex.hawke.mp@aph.gov.au","(02) 6277 4430","(02) 6277 8522","Suite 8, 23 Terminus Street","Castle Hill","NSW","2154","(02) 9899 7990","(02) 9899 7211","2","109","2018-02-16 10:24:43","2018-02-16 10:24:43","PO Box 1173","Castle Hill","NSW","2154"
"57","Hayes","Chris","Chris.Hayes.MP@aph.gov.au","(02) 6277 4083","(02) 6277 2309","Level 2, 24-32 Hughes Street","Cabramatta","NSW","2166","(02) 9727 2240","(02) 9726 3988","1","54","2018-02-16 10:24:43","2018-02-16 10:24:43","PO Box 205","Cabramatta","NSW","2166"
"58","Henderson","Sarah","sarah.henderson.mp@aph.gov.au","(02) 6277 4172","(02) 6277 2043","3A/195 Colac Rd","Waurn Ponds","VIC","3216","(03) 5243 1666","(03) 5243 1444","2","32","2018-02-16 10:24:43","2018-02-16 10:24:43","3A/195 Colac Rd","Waurn Ponds","VIC","3216"
"59","Kelly","Mike","Mike.Kelly.MP@aph.gov.au","(02) 6277 4496","(02) 6277 8434","Unit 1, 21-25 Monaro Street","Queanbeyan","NSW","2620","(02) 6284 2460","(02) 6284 2442","1","45","2018-02-16 10:24:43","2018-02-16 10:24:43","PO Box 214","Queanbeyan","NSW","2620"
"60","Zimmerman","Trent","trent.zimmerman.mp@aph.gov.au","(02) 6277 4744","(02) 6277 8405","Level 10, 2 Elizabeth Plaza","North Sydney","NSW","2060","(02) 9929 9833","(02) 9929 9822","2","116","2018-02-16 10:24:43","2018-02-16 10:24:43","PO Box 1107","North Sydney","NSW","2060"
"61","Hogan","Kevin","kevin.hogan.mp@aph.gov.au","(02) 6277 4746","(02) 6277 2278","61-63 Molesworth Street","Lismore","NSW","2480","(02) 6621 4255","(02) 6621 4044","4","119","2018-02-16 10:24:43","2018-02-16 10:24:43","61-63 Molesworth Street","Lismore","NSW","2480"
"62","Howarth","Luke","luke.howarth.mp@aph.gov.au","(02) 6277 4018","(02) 6277 2361","40 Hornibrook Esplanade","Clontarf","QLD","4019","(07) 3284 8002","(07) 3284 8008","2","125","2018-02-16 10:24:43","2018-02-16 10:24:43","PO Box 321","Clontarf","QLD","4019"
"63","Hunt","Greg","Greg.Hunt.MP@aph.gov.au","(02) 6277 7220",,"Shop 4, 184 Salmon Street","Hastings","Vic","3915","(03) 5979 3034","(03) 5979 3188","2","50","2018-02-16 10:24:43","2018-02-16 10:24:43","PO Box 274","Hastings","Vic","3915"
"64","Husic","Ed","ed.husic.mp@aph.gov.au","(02) 6277 4488","(02) 6277 8590","6/15 Cleeve Close","Mt Druitt","NSW","2770","(02) 9832 2641","(02) 9625 4344","1","29","2018-02-16 10:24:43","2018-02-16 10:24:43","PO Box 259","Mt Druitt","NSW","2770"
"65","Mitchell","Brian","Brian.Mitchell.MP@aph.gov.au","(02) 6277 4270","(02) 6277 8422","Suite 105, Green Point Plaza","Bridgewater","TAS","7030",,"(03) 6263 3721","1","93","2018-02-16 10:24:43","2018-02-16 10:24:43","PO Box 61","Bridgewater","TAS","7030"
"66","Irons","Steve","steve.irons.mp@aph.gov.au","(02) 6277 4337","(02) 6277 8494","G3, 59 Albany Highway","Victoria Park","WA","6101","(08) 9355 0199","(08) 9355 0099","2","138","2018-02-16 10:24:43","2018-02-16 10:24:43","PO Box 1060","East Victoria Park","WA","6981"
"67","Morton","Ben","Ben.Morton.MP@aph.gov.au","(02) 6277 2035",,"6 Aveley Street","Willetton","WA","6155",,"(08) 9354 9633","2","140","2018-02-16 10:24:43","2018-02-16 10:24:43","PO Box 329","Willetton","WA","6155"
"68","O'Toole","Cathy","Cathy.O'Toole.MP@aph.gov.au","(02) 6277 2296","(02) 6277 8536","Nathan Business Centre, 340 Ross River Rd","Cranbrook","QLD","4814",,"(07) 4725 2066","1","69","2018-02-16 10:24:43","2018-02-16 10:24:43","PO Box 226","Aitkinvale","QLD","4814"
"69","Jones","Stephen","stephen.jones.mp@aph.gov.au","(02) 6277 4661","(02) 6277 8548","Shop 244, Stockland Shellharbour","Shellharbour","NSW","2529","(02) 4297 2161","(02) 4297 2285","1","141","2018-02-16 10:24:43","2018-02-16 10:24:43","PO Box 264","Shellharbour","NSW","2529"
"70","Joyce","Barnaby","barnaby.joyce.mp@aph.gov.au","(02) 6277 4011","(02) 6277 8557","Shop 5 259 Peel Street","Tamworth","NSW","2340","(02) 6761 3380","(02) 6761 3080","4","114","2018-02-16 10:24:43","2018-02-16 10:24:43","PO Box 963","Tamworth","NSW","2340"
"71","Katter","Bob","Bob.Katter.MP@aph.gov.au","(02) 6277 4978","(02) 6277 8558","Corner Edith and Owen Streets","Innisfail","QLD","4860","(07) 4061 6566","(07) 4061 6066","31","81","2018-02-16 10:24:43","2018-02-16 10:24:43","PO Box 1638","Innisfail","QLD","4860"
"72","Keenan","Michael","michael.keenan.mp@aph.gov.au","(02) 6277 7200","(02) 6273 4406","Units 3 and 4, 19 Wotan Street","Innaloo","WA","6018","(08) 9445 2866","(08) 9445 3222","2","136","2018-02-16 10:24:43","2018-02-16 10:24:43","PO Box 989","Innaloo","WA","6918"
"73","Kelly","Craig","craig.kelly.mp@aph.gov.au","(02) 6277 4366","(02) 6277 8567","Shop 1, 9-15 East Parade","Sutherland","NSW","2232","(02) 9545 0927","(02) 9521 6262","2","75","2018-02-16 10:24:43","2018-02-16 10:24:43","PO Box 1014","Sutherland","NSW","1499"
"74","King","Catherine","Catherine.King.MP@aph.gov.au","(02) 6277 4407","(02) 6277 4998","5 Lydiard Street North","Ballarat","VIC","3350","(03) 5333 7710","(03) 5338 8123","1","3","2018-02-16 10:24:43","2018-02-16 10:24:43","PO Box 719","Ballarat","VIC","3353"
"75","Laming","Andrew","andrew.laming.mp@aph.gov.au","(02) 6277 4258","(02) 6277 8503","10/32 Middle Street","Cleveland","Qld","4163","(07) 3821 3799","(07) 3821 0155","2","16","2018-02-16 10:24:43","2018-02-16 10:24:43","PO Box 8024","Cleveland","Qld","4163"
"76","Landry","Michelle","michelle.landry.mp@aph.gov.au","(02) 6277 4068","(02) 6277 2376","The Swan, 159 Denison Street (Cnr Denham St)","Rockhampton","QLD","4700","(07) 4922 6607","(07) 4922 6604","4","26","2018-02-16 10:24:43","2018-02-16 10:24:43","PO Box 1919","Rockhampton","QLD","4700"
"77","Laundy","Craig","craig.laundy.mp@aph.gov.au","(02) 6277 7610",,"72 Burwood Road","Burwood","NSW","2134","(02) 9745 2825","(02) 9715 7444","2","128","2018-02-16 10:24:43","2018-02-16 10:24:43","PO Box 2028","Burwood North","NSW","2134"
"78","Leigh","Andrew","andrew.leigh.mp@aph.gov.au","(02) 6277 4140","(02) 6277 8469","Unit 8/1 Torrens St","Braddon","ACT","2612","(02) 6247 3457","(02) 6247 4396","1","986","2018-02-16 10:24:43","2018-02-16 10:24:43","Unit 8/1 Torrens St","Braddon","ACT","2612"
"79","Ley","Sussan","Sussan.Ley.MP@aph.gov.au","(02) 6277 4412","(02) 6277 8466","517 Kiewa Street","Albury","NSW","2640","(02) 6021 6620","(02) 6021 3264","2","48","2018-02-16 10:24:43","2018-02-16 10:24:43","PO Box 672","Albury","NSW","2640"
"80","McVeigh","John","John.McVeigh.MP@aph.gov.au","(02) 6277 7990",,"216 Margaret Street, (Cnr Duggan Street)","Toowoomba","QLD","4350","(07) 4338 2147","(07) 4632 4144","2","67","2018-02-16 10:24:43","2018-02-16 10:24:43","P.O. Box 777","Toowoomba","QLD","4350"
"81","Macklin","Jenny","jmacklin.mp@aph.gov.au","(02) 6277 4305","(02) 6277 8595","149 Burgundy Street","Heidelberg","Vic","3084","(03) 9457 5721","(03) 9459 1411","1","80","2018-02-16 10:24:43","2018-02-16 10:24:43","PO Box 316","Heidelberg","Vic","3084"
"82","Hammond","Tim","vacant@getup.org.au","(02) 6277 4954","(02) 6277 8491","953 A Beaufort Street","Inglewood","WA","6052","(08) 9272 3477","(08) 9272 3411","52","124","2018-02-16 10:24:43","2018-02-16 10:24:43","PO Box 901","Inglewood","WA","6932"
"83","Marino","Nola","Nola.Marino.MP@aph.gov.au","(02) 6277 4088","(02) 6277 8468","Units 7 & 8 Grand Cinemas Complex, Corner of Victoria and Clifton Streets","Bunbury","WA","6230","(08) 9721 4911","(08) 9721 3788","2","53","2018-02-16 10:24:43","2018-02-16 10:24:43","PO Box 2028","Bunbury","WA","6231"
"84","Templeman","Susan","Susan.Templeman.MP@aph.gov.au","(02) 6277 4784","(02) 6277 8459","Ground Floor, 299 George Street","Windsor","NSW","2756","(02) 4573 8396","(02) 4573 8222","1","96","2018-02-16 10:24:43","2018-02-16 10:24:43","PO Box 855","Windsor","NSW","2756"
"85","Marles","Richard","richard.marles.mp@aph.gov.au","(02) 6277 4330","(02) 6277 8599","17A Yarra Street","Geelong","VIC","3220","(03) 5222 4505","(03) 5221 3033","1","33","2018-02-16 10:24:43","2018-02-16 10:24:43","17A Yarra Street","Geelong","VIC","3220"
"86","Freelander","Mike","Mike.Freelander.MP@aph.gov.au","(02) 6277 2311","(02) 6277 8537","37 Queen Street","Campbelltown","NSW","2560","(02) 4620 4414","(02) 4620 0293","1","94","2018-02-16 10:24:43","2018-02-16 10:24:43","P.O. BOX 88","Campbelltown","NSW","2560"
"87","McCormack","Michael","michael.mccormack.mp@aph.gov.au","(02) 6277 7520",,"Suite 2, 11-15 Fitzmaurice Street","Wagga Wagga","NSW","2650","(02) 6921 5900","(02) 6921 4600","4","130","2018-02-16 10:24:43","2018-02-16 10:24:43","Suite 2, 11-15 Fitzmaurice Street","Wagga Wagga","NSW","2650"
"88","McGowan","Cathy","cathy.mcgowan.mp@aph.gov.au","(02) 6277 4778","(02) 6277 2365","117 Murphy Street","Wangaratta","VIC","3677","(03) 5721 7066","(03) 5721 7077","7","78","2018-02-16 10:24:43","2018-02-16 10:24:43","117 Murphy Street","Wangaratta","VIC","3677"
"89","McBride","Emma","Emma.McBride.MP@aph.gov.au","(02) 6277 4515","(02) 6277 8441","Suite 204, Level 2 Mariners Centre of Excellence, 1 Bryant Drive","Tuggerah","NSW","2259","(02) 4353 0248","(02) 4353 0127","1","42","2018-02-16 10:24:43","2018-02-16 10:24:43","PO Box 3763","Tuggerah","NSW","2259"
"90","Mitchell","Rob","rob.mitchell.mp@aph.gov.au","(02) 6277 4117","(02) 6277 8443","Shop EOO - 48 Craigieburn Central Shopping Centre, 340 Craigieburn Road","Craigieburn","Vic","3064","(03) 9333 8377","(03) 9333 0440","1","102","2018-02-16 10:24:43","2018-02-16 10:24:43","PO Box 314","Craigieburn","Vic","3064"
"91","Morrison","Scott","scott.morrison.mp@aph.gov.au","(02) 6277 7340","(02) 6273 3420","Suite 102, Level 1, 30 The Kingsway","Cronulla","NSW","2230","(02) 9523 8959","(02) 9523 0339","2","31","2018-02-16 10:24:43","2018-02-16 10:24:43","PO Box 1306","Cronulla","NSW","2230"
"92","Neumann","Shayne","Shayne.Neumann.MP@aph.gov.au","(02) 6277 4755","(02) 6277 8533","Shop 28-29, 68 Hunter Street","Brassall","QLD","4305","(07) 3201 5311","(07) 3201 5300","1","12","2018-02-16 10:24:43","2018-02-16 10:24:43","PO Box 5117","Brassall","QLD","4305"
"93","Hart","Ross","Ross.Hart.MP@aph.gov.au","(02) 6277 2069","(02) 6277 8425","100 St John Street","Launceston","TAS","7250","(03) 6334 7055","(03) 6334 7033","1","7","2018-02-16 10:24:43","2018-02-16 10:24:43","PO Box 5035","Launceston","TAS","7250"
"94","O'Connor","Brendan","Brendan.O'Connor.MP@aph.gov.au","(02) 6277 4105","(02) 6277 2286","Suite 1 Level 2 13-15 Lake Street","Caroline Springs","Vic","3023","(03) 8358 4245","(03) 8390 6166","1","62","2018-02-16 10:24:43","2018-02-16 10:24:43","Suite 1 Level 2 13-15 Lake Street","Caroline Springs","Vic","3023"
"95","O'Dowd","Ken","ken.o'dowd.mp@aph.gov.au","(02) 6277 4380","(02) 6277 8495","76 Goondoon Street","Gladstone","QLD","4680","(07) 4972 0888","(07) 4972 5465","4","51","2018-02-16 10:24:43","2018-02-16 10:24:43","76 Goondoon Street","Gladstone","QLD","4680"
"96","O'Dwyer","Kelly","kelly.odwyer.mp@aph.gov.au","(02) 6277 7930","(02) 6273 0434","Suite 1, 1343 Malvern Road","Malvern","VIC","3144","(03) 9822 0319","(03) 9822 4422","2","70","2018-02-16 10:24:43","2018-02-16 10:24:43","Suite 1, 1343 Malvern Road","Malvern","VIC","3144"
"97","O'Neil","Clare","clare.oneil.mp@aph.gov.au","(02) 6277 4907","(02) 6277 2347","401 Clayton Road","Clayton","VIC","3168","(03) 9545 6299","(03) 9545 6211","1","74","2018-02-16 10:24:43","2018-02-16 10:24:43","PO Box 5295","Clayton","VIC","3168"
"98","Owens","Julie","Julie.Owens.MP@aph.gov.au","(02) 6277 4134","(02) 6277 8433","Suite 1, 25 Smith Street (Entry via Macquarie Street)","Parramatta","NSW","2150","(02) 9689 3813","(02) 9689 1455","1","121","2018-02-16 10:24:44","2018-02-16 10:24:44","Suite 1, 25 Smith Street (Entry via Macquarie Street)","Parramatta","NSW","2150"
"99","Wilson","Josh","vacant@getup.org.au","(02) 6277 2081","(02) 6277 8437","62 Wray Avenue","Fremantle","WA","6160","(08) 9336 1059","(08)9335 8555","52","57","2018-02-16 10:24:44","2018-02-16 10:24:44","PO Box 1224","Fremantle","WA","6959"
"100","Pasin","Tony","tony.pasin.mp@aph.gov.au","(02) 6277 4864","(02) 6277 4865","27 Commercial Street","Mt Gambier","SA","5290","(08) 8723 2230","(08) 8724 7730","2","5","2018-02-16 10:24:44","2018-02-16 10:24:44","27 Commercial Street","Mt Gambier","SA","5290"
"101","Perrett","Graham","graham.perrett.mp@aph.gov.au","(02) 6277 4542","(02) 6277 8419","Suite 106, Sunnybank Times Square, 250 McCullough Street","Sunnybank","Qld","4109","(07) 3344 4276","(07) 3344 2622","1","112","2018-02-16 10:24:44","2018-02-16 10:24:44","PO Box 419, Sunnybank Plaza","Sunnybank","Qld","4109"
"102","Pitt","Keith","keith.pitt.mp@aph.gov.au","(02) 6277 4122","(02) 6277 2394","41 Woongarra Street","Bundaberg","Qld","4670","(07) 4153 1752","(07) 4152 0744","4","72","2018-02-16 10:24:44","2018-02-16 10:24:44","PO Box 535","Bundaberg","Qld","4670"
"103","Plibersek","Tanya","tanya.plibersek.mp@aph.gov.au","(02) 6277 4404","(02) 6277 2212","Suite 1 267 Cleveland Street, Redfern","Sydney","NSW","2016","(02) 9379 0701","(02) 9379 0700","1","139","2018-02-16 10:24:44","2018-02-16 10:24:44","PO Box 2676","Strawberry Hills","NSW","2012"
"104","Porter","Christian","christian.porter.mp@aph.gov.au","(02) 6277 7300","(02) 6273 4102","Unit 3, 28 Main Street","Ellenbrook","WA","6069","(08) 9297 3244","(08) 6296 7255","2","123","2018-02-16 10:24:44","2018-02-16 10:24:44","PO Box 2226","Ellenbrook","WA","6069"
"105","Prentice","Jane","jane.prentice.mp@aph.gov.au","(02) 6277 4426","(02) 6277 8512","636 Moggill Road","Chapel Hill","Qld","4069","(07) 3378 1399","(07) 3378 1599","2","132","2018-02-16 10:24:44","2018-02-16 10:24:44","PO Box 704","Indooroopilly","Qld","4068"
"106","Price","Melissa","melissa.price.mp@aph.gov.au","(02) 6277 4242","(02) 6277 8554","2B/209 Foreshore Drive","Geraldton","WA","6530","(08) 9921 7990","(08) 9964 2195","2","44","2018-02-16 10:24:44","2018-02-16 10:24:44","2B/209 Foreshore Drive","Geraldton","WA","6530"
"107","Pyne","Christopher","C.Pyne.MP@aph.gov.au","(02) 6277 7840","(02) 6273 3662","429 Magill Road","St Morris","SA","5068","(08) 8431 2288","(08) 8431 2277","2","137","2018-02-16 10:24:44","2018-02-16 10:24:44","429 Magill Road","St Morris","SA","5068"
"108","Ramsey","Rowan","rowan.ramsey.mp@aph.gov.au","(02) 6277 4967","(02) 6277 8440","104 Ellen St","Port Pirie","SA","5540","(08) 8633 1749","(08) 8633 1744","2","65","2018-02-16 10:24:44","2018-02-16 10:24:44","PO Box 296","Port Pirie","SA","5540"
"109","Hastie","Andrew","andrew.hastie.mp@aph.gov.au","(02) 6277 4223","(02) 6277 4181","Unit 2, 61 Sutton Street","Mandurah","WA","6210",,"(08) 9534 8044","2","25","2018-02-16 10:24:44","2018-02-16 10:24:44","PO Box 968","Mandurah","WA","6210"
"110","Dick","Milton","Milton.Dick.MP@aph.gov.au","(02) 6277 4910","(02) 6277 8448","255 Forest Lake Boulevard","Forest Lake","QLD","4078","(07) 3879 6441","(07) 3879 6440","1","118","2018-02-16 10:24:44","2018-02-16 10:24:44","PO Box 4042","Forest Lake","QLD","4078"
"111","Rishworth","Amanda","amanda.rishworth.mp@aph.gov.au","(02) 6277 2293","(02) 6277 8498","232 Main South Road","Morphett Vale","SA","5162","(08) 8186 2688","(08) 8186 2588","1","83","2018-02-16 10:24:44","2018-02-16 10:24:44","232 Main South Road","Morphett Vale","SA","5162"
"112","Wilson","Tim","Tim.Wilson.MP@aph.gov.au","(02) 6277 2392","(02) 6277 8545","368 Centre Road","Bentleigh","VIC","3204","(03) 9557 2906","(03) 9557 4644","2","61","2018-02-16 10:24:44","2018-02-16 10:24:44","368 Centre Road","Bentleigh","VIC","3204"
"113","Robert","Stuart","stuart.robert.mp@aph.gov.au","(02) 6277 4415","(02) 6277 8436","Unit 1, 110 Brisbane Road","Labrador","Qld","4215","(07) 5500 5484","(07) 5500 5919","2","46","2018-02-16 10:24:44","2018-02-16 10:24:44","PO Box 733","Biggera Waters","Qld","4216"
"114","Rowland","Michelle","michelle.rowland.mp@aph.gov.au","(02) 6277 4833","(02) 6277 8586","230 Prospect Highway","Seven Hills","NSW","2147","(02) 9671 5147","(02) 9671 4780","1","64","2018-02-16 10:24:44","2018-02-16 10:24:44","PO Box 686","Seven Hills","NSW","1730"
"115","Lamb","Susan","vacant@getup.org.au","(02) 6277 4532","(02) 6277 8442","Init 7, Level 1, 69 King Street","Caboolture","QLD","4510","(07) 5432 3188","(07) 5432 3177","52","91","2018-02-16 10:24:44","2018-02-16 10:24:44","PO Box 42","Caboolture","QLD","4510"
"116","Butler","Terri","Terri.Butler.MP@aph.gov.au","(02) 6277 4877","(02) 6277 8497","630 Wynnum Road","Morningside","QLD","4170","(07) 3899 5755","(07) 3899 4031","1","66","2018-02-16 10:24:44","2018-02-16 10:24:44","PO Box 476a","Morningside","QLD","4170"
"117","Leeser","Julian","Julian.Leeser.MP@aph.gov.au","(02) 6277 4826","(02) 6277 8547","Level 11, 423 Pennant Hills Road","Pennant Hills","NSW","2120","(02) 9980 1833","(02) 9980 1822","2","11","2018-02-16 10:24:44","2018-02-16 10:24:44","PO Box 743","Pennant Hills","NSW","1715"
"118","Ryan","Joanne","joanne.ryan.mp@aph.gov.au","(02) 6277 4398","(02) 6277 2364","Tenancies 3 & 4, 203-205 Watton Street","Werribee","VIC","3030","(03) 9741 6213","(03) 9742 5800","1","86","2018-02-16 10:24:44","2018-02-16 10:24:44","Tenancies 3 & 4, 203-205 Watton Street","Werribee","VIC","3030"
"119","Littleproud","David","David.Littleproud.MP@aph.gov.au","(02) 6277 7630",,"Suite 3, Foodworks Centre, 59 Condamine Street","Dalby","QLD","4405",,"(07) 4662 2715","4","99","2018-02-16 10:24:44","2018-02-16 10:24:44","PO Box 641","Dalby","QLD","4405"
"120","Husar","Emma","Emma.Husar.MP@aph.gov.au","(02) 6277 4968","(02) 6277 8449","Ground Floor, 331 High Street","Penrith","NSW","2750",,"(02) 4722 0600","1","89","2018-02-16 10:24:44","2018-02-16 10:24:44","PO Box 712","Penrith","NSW","2751"
"121","Shorten","Bill","bill.shorten.mp@aph.gov.au","(02) 6277 4022","(02) 6277 8562","Suite 1A, 12 Hall Street","Moonee Ponds","VIC","3039","(03) 9326 0611","(03) 9326 1300","1","100","2018-02-16 10:24:44","2018-02-16 10:24:44","PO Box 214","Moonee Ponds","VIC","3039"
"122","Aly","Anne","anne.aly@walabor.org.au","(02) 6277 4876","(02) 6277 8526","Shop 3, Kingsway Shopping Centre, 168 Wanneroo Road","Madeley","WA","6065","(08) 9409 9361","(08) 9409 4517","1","34","2018-02-16 10:24:44","2018-02-16 10:24:44","PO Box 219","Kingsway","WA","6065"
"123","Smith","Tony","Tony.Smith.MP@aph.gov.au","(02) 6277 4000","(02) 6277 2050","Suite 11, 1 East Ridge Drive","Chirnside Park","VIC","3116",,"(03) 9727 0799","2","27","2018-02-16 10:24:44","2018-02-16 10:24:44","PO Box 40","Chirnside Park","VIC","3116"
"124","Snowdon","Warren","Warren.Snowdon.MP@aph.gov.au","(02) 6277 4081","(02) 6277 2088","Unit 3, 12 Gregory Terrace","Alice Springs","NT","870","(08) 8952 5922","(08) 8952 9696","1","90","2018-02-16 10:24:44","2018-02-16 10:24:44","PO Box 4007","Alice Springs","NT","870"
"125","Flint","Nicolle","Nicolle.Flint.MP@aph.gov.au","(02) 6277 2057","(02) 6277 8415","Level 1, 724 Marion Road","Marion","SA","5043","(08) 8374 3071","(08) 8374 0511","2","15","2018-02-16 10:24:44","2018-02-16 10:24:44","Level 1, 724 Marion Road","Marion","SA","5043"
"126","Drum","Damian","Damian.Drum.MP@aph.gov.au","(02) 6277 4031","(02) 6277 8534","426 Wyndham Street","Shepparton","VIC","3630",,"(03) 5821 5371","4","113","2018-02-16 10:24:44","2018-02-16 10:24:44","426 Wyndham Street","Shepparton","VIC","3630"
"127","Sudmalis","Ann","ann.sudmalis.mp@aph.gov.au","(02) 6277 4141","(02) 6277 8482","Suite 3, 59 Junction Street","Nowra","NSW","2541","(02) 4423 1785","(02) 4423 1782","2","59","2018-02-16 10:24:44","2018-02-16 10:24:44","PO Box 1009","Nowra","NSW","2541"
"128","Sukkar","Michael","michael.sukkar.mp@aph.gov.au","(02) 6277 4847","(02) 6277 4862","5/602 Whitehorse Road","Mitcham","VIC","3132","(03) 9874 0599","(03) 9874 1711","2","39","2018-02-16 10:24:44","2018-02-16 10:24:44","PO Box 232","Mitcham","VIC","3132"
"129","Swan","Wayne","wayne.swan.mp@aph.gov.au","(02) 6277 4311","(02) 6277 2399","1162 Sandgate Road","Nundah","Qld","4012","(07) 3266 4263","(07) 3266 8244","1","88","2018-02-16 10:24:44","2018-02-16 10:24:44","PO Box 182","Nundah","Qld","4012"
"130","Taylor","Angus","angus.taylor.mp@aph.gov.au","(02) 6277 7710",,"191 Auburn Street","Goulburn","NSW","2580","(02) 4822 1029","(02) 4822 2277","2","76","2018-02-16 10:24:44","2018-02-16 10:24:44","PO Box 700","Goulburn","NSW","2580"
"131","Tehan","Dan","dan.tehan.mp@aph.gov.au","(02) 6277 7560","(02) 6273 4122","190 Gray Street","Hamilton","VIC","3300","(03) 5572 1141","(03) 5572 1100","2","143","2018-02-16 10:24:44","2018-02-16 10:24:44","190 Gray Street","Hamilton","VIC","3300"
"132","Thistlethwaite","Matt","matt.thistlethwaite.mp@aph.gov.au","(02) 6277 4840","(02) 6277 4969","Shop 6, 205 Maroubra Road","Maroubra","NSW","2035","(02) 9349 8089","(02) 9349 6007","1","82","2018-02-16 10:24:44","2018-02-16 10:24:44","PO Box 895","Maroubra","NSW","2035"
"133","Khalil","Peter","Peter.Khalil.MP@aph.gov.au","(02) 6277 4857","(02) 6277 8444","3 Munro Street","Coburg","VIC","3058",,"(03) 9350 5777","1","149","2018-02-16 10:24:44","2018-02-16 10:24:44","3 Munro Street","Coburg","VIC","3058"
"134","O'Brien","Llew","Llew.O'Brien.MP@aph.gov.au","(02) 6277 2301","(02) 6277 8550","319 Kent Street","Maryborough","QLD","4650",,"(07) 4121 2936","4","148","2018-02-16 10:24:44","2018-02-16 10:24:44","PO Box 283","Maryborough","QLD","4650"
"135","Tudge","Alan","alan.tudge.mp@aph.gov.au","(02) 6277 7770",,"Suite 4, Level 1, 420 Burwood Highway","Wantirna South","Vic","3152","(03) 9887 3893","(03) 9887 3890","2","2","2018-02-16 10:24:44","2018-02-16 10:24:44","Suite 4, Level 1, 420 Burwood Highway","Wantirna South","Vic","3152"
"136","Turnbull","Malcolm","Malcolm.Turnbull.MP@aph.gov.au","(02) 6277 7700","(02) 6273 4100","Ground Floor, 287-289 New South Head Road (Corner Edgecliff Road)","Edgecliff","NSW","2027","(02) 9327 2533","(02) 9327 3988","2","146","2018-02-16 10:24:44","2018-02-16 10:24:44","PO Box 545","Edgecliff","NSW","2027"
"137","Vamvakinou","Maria","Maria.Vamvakinou.MP@aph.gov.au","(02) 6277 4249","(02) 6277 8426","Shop M0004, 80 Taylors Road","Keilor Downs","VIC","3038","(03) 9367 3064","(03) 9367 5216","1","23","2018-02-16 10:24:44","2018-02-16 10:24:44","Shop M0004, 80 Taylors Road","Keilor Downs","VIC","3038"
"138","van Manen","Bert","bert.vanmanen.mp@aph.gov.au","(02) 6277 4719","(02) 6277 8553","Tenancy 4/96 George Street","Beenleigh","Qld","4207","(07) 3807 1990","(07) 3807 6340","2","52","2018-02-16 10:24:44","2018-02-16 10:24:44","PO Box 884","Beenleigh","Qld","4207"
"139","Burney","Linda","Linda.Burney.MP@aph.gov.au","(02) 6277 4623","(02) 6277 8527","Suite 203/13A, Montgomery Street","Kogarah","NSW","2217","(02) 9587 1544","(02) 9587 1555","1","6","2018-02-16 10:24:44","2018-02-16 10:24:44","Suite 203/13A, Montgomery Street","Kogarah","NSW","2217"
"140","Vasta","Ross","ross.vasta.mp@aph.gov.au","(02) 6277 4632","(02) 6277 8535","69 Clara Street","Wynnum","QLD","4178","(07) 3893 3422","(07) 3893 3488","2","14","2018-02-16 10:24:44","2018-02-16 10:24:44","69 Clara Street","Wynnum","QLD","4178"
"141","Watts","Tim","tim.watts.mp@aph.gov.au","(02) 6277 4537","(02) 6277 2327","97 Geelong Road","Footscray","VIC","3011","(03) 9687 7151","(03)9687 7661","1","58","2018-02-16 10:24:44","2018-02-16 10:24:44","97 Geelong Road","Footscray","VIC","3011"
"142","Keay","Justine","vacant@getup.org.au","(02) 6277 4626","(02) 6277 8445","Shop 2-32 Wilmot Street","Burnie","TAS","7320",,"(03) 6431 1333","52","17","2018-02-16 10:24:44","2018-02-16 10:24:44","PO Box 908","Burnie","TAS","7320"
"143","Wicks","Lucy","lucy.wicks.mp@aph.gov.au","(02) 6277 4738","(02) 6277 4739","Level 3, 69 Central Coast Highway","West Gosford","NSW","2250","(02) 4322 2499","(02) 4322 2400","2","131","2018-02-16 10:24:44","2018-02-16 10:24:44","Level 3, 69 Central Coast Highway","West Gosford","NSW","2250"
"144","Wilkie","Andrew","andrew.wilkie.mp@aph.gov.au","(02) 6277 4766","(02) 6277 8579","188 Collins Street","Hobart","Tas","7001","(03) 6223 8560","(03) 6234 5255","7","40","2018-02-16 10:24:44","2018-02-16 10:24:44","GPO Box 32","Hobart","Tas","7001"
"145","Georganas","Steve","Steve.Georganas.MP@aph.gov.au","(02) 6277 4816","(02) 6277 8521","Shop 2, 670 ANZAC Highway","Glenelg","SA","5045","(08) 8376 7888","(08) 8376 9000","1","71","2018-02-16 10:24:44","2018-02-16 10:24:44","Shop 2, 670 ANZAC Highway","Glenelg","SA","5045"
"146","Wilson","Rick","rick.wilson.mp@aph.gov.au","(02) 6277 4101","(02) 6277 2073","345 Hannan Street","Kalgoorlie","WA","6430","(08) 9021 2033","(08) 9021 2044","2","117","2018-02-16 10:24:44","2018-02-16 10:24:44","PO Box 10415","Kalgoorlie","WA","6430"
"147","Wood","Jason","jason.wood.mp@aph.gov.au","(02) 6277 4982","(02) 6277 4994","Unit 3, 16 Langmore Lane","Berwick","VIC","3806","(03) 9768 9883","(03) 9768 9164","2","85","2018-02-16 10:24:44","2018-02-16 10:24:44","PO Box 539","Berwick","VIC","3806"
"148","Wyatt","Ken","ken.wyatt.mp@aph.gov.au","(02) 6277 7720",,"Shop 10-12 Forrestfield Marketplace, 80 Hale Road","Forrestfield","WA","6058","(08) 9359 0197","(08) 9359 0322","2","68","2018-02-16 10:24:44","2018-02-16 10:24:44","PO Box 325","Forrestfield","WA","6058"
"149","Zappia","Tony","Tony.Zappia.MP@aph.gov.au","(02) 6277 4147","(02) 6277 8592","959 North East Road","Modbury","SA","5092","(08) 8265 3900","(08) 8265 3100","1","97","2018-02-16 10:24:44","2018-02-16 10:24:44","PO Box 775","Modbury","SA","5092"
"150","O'Brien","Ted","Ted.O'Brien.MP@aph.gov.au","(02) 6277 4130","(02) 6277 8410","17 Southern Drive","Maroochydore","QLD","4558","(07) 5443 5333","(07) 5479 2800","2","47","2018-02-16 10:24:44","2018-02-16 10:24:44","PO Box 1978","Sunshine Plaza","QLD","4558"
"11381","Smith","T","Mount.Ommaney@parliament.qld.gov.au","(07) 3279 5137","(07) 3279 0645","PO Box 1153","MOUNT OMMANEY","QLD","4074","(07) 3279 0645","(07) 3279 5137","16","361","2018-02-16 10:24:44","2018-02-16 10:24:44",,,,
"11383","Bates","R M","Mudgeeraba@parliament.qld.gov.au","(07) 3224 2880","(07) 5569 0675","PO Box 897","MUDGEERABA","QLD","4213","(07) 5569 0675","(07) 5569 0482","16","283","2018-02-16 10:24:44","2018-02-16 10:24:44",,,,
"11385","Bleijie","J","Kawana@parliament.qld.gov.au","(07) 3247 9068","(07) 5478 1815","PO Box 1200","BUDDINA","QLD","4575","(07) 5478 1815","(07) 5478 1189","16","321","2018-02-16 10:24:44","2018-02-16 10:24:44",,,,
"11387","Trad","J","South.Brisbane@parliament.qld.gov.au","(07) 3255 3615","(07) 3255 3627","PO Box 5326","WEST END","QLD","4101","(07) 3255 3627","(07) 3255 3615","12","316","2018-02-16 10:24:44","2018-02-16 10:24:44",,,,
"11389","Pyne","R","Cairns@parliament.qld.gov.au","(07) 4051 2868","(07) 4051 6760","PO Box 5697","CAIRNS","QLD","4870","(07) 4051 6760","(07) 4051 2868","12","340","2018-02-16 10:24:44","2018-02-16 10:24:44",,,,
"11391","Brown","D","Capalaba@parliament.qld.gov.au","(07) 3245 6950","(07) 3245 4871","PO Box 523","CAPALABA","QLD","4157","(07) 3245 4871","(07) 3245 6950","12","300","2018-02-16 10:24:44","2018-02-16 10:24:44",,,,
"11393","Crandon","M J","Coomera@parliament.qld.gov.au","(07) 5514 0483","(07) 5514 0634","PO Box 80","OXENFORD","QLD","4210","(07) 5514 0634","(07) 5514 0483","16","290","2018-02-16 10:24:44","2018-02-16 10:24:44",,,,
"11395","Cripps","A P","Hinchinbrook@parliament.qld.gov.au","(07) 4776 1428","(07) 4776 3503","PO Box 1515","INGHAM","QLD","4850","(07) 4776 3503","(07) 4776 1428","16","276","2018-02-16 10:24:44","2018-02-16 10:24:44",,,,
"11397","Barton","V M","Broadwater@parliament.qld.gov.au","(07) 5563 9010","(07) 5529 6070","PO Box 644","LABRADOR","QLD","4215","(07) 5529 6070","(07) 5563 9010","16","324","2018-02-16 10:24:44","2018-02-16 10:24:44",,,,
"11399","Butcher","G","Gladstone@parliament.qld.gov.au","(07) 4978 4650","(07) 4978 4459","PO Box 1592","GLADSTONE","QLD","4680","(07) 4978 4459","(07) 4978 4650","12","297","2018-02-16 10:24:44","2018-02-16 10:24:44",,,,
"11401","Hinchliffe","S","Sandgate@parliament.qld.gov.au","(07) 3269 7018","(07) 3269 1179","PO Box 496","SANDGATE","QLD","4017","(07) 3269 1179","(07) 3269 7018","12","333","2018-02-16 10:24:44","2018-02-16 10:24:44",,,,
"11403","Davis","T E","Aspley@parliament.qld.gov.au","(07) 3235 4280","(07) 3263 4253","Shop 2, 1315 Gympie Road","ASPLEY","QLD","4034","(07) 3263 4253","(07) 3263 6703","16","328","2018-02-16 10:24:44","2018-02-16 10:24:44",,,,
"11405","Donaldson","L","Bundaberg@parliament.qld.gov.au","(07) 3239 0199","(07) 4152 8726","PO Box 935","BUNDABERG","QLD","4670","(07) 4152 8726","(07) 4152 1476","12","331","2018-02-16 10:24:44","2018-02-16 10:24:44",,,,
"11407","Kelly","J","Greenslopes@parliament.qld.gov.au","(07) 3394 3956","(07) 3397 0354","Shop 3, Coorparoo Village Shopping Centre","358 Old Cleveland Road","QLD","4151","(07) 3397 0354","(07) 3394 3956","12","358","2018-02-16 10:24:44","2018-02-16 10:24:44",,,,
"11409","Dickson","S L","Buderim@parliament.qld.gov.au","(07) 3224 7477","(07) 5453 7802","PO Box 187","BUDERIM","QLD","4556","(07) 5453 7802","(07) 5450 1115","16","350","2018-02-16 10:24:44","2018-02-16 10:24:44",,,,
"11411","Cramp","S","Gaven@parliament.qld.gov.au","(07) 5502 1411","(07) 5502 1433","Units 4 and 5, 12 Ferry Street","NERANG","QLD","4211","(07) 5502 1433","(07) 5502 1411","16","322","2018-02-16 10:24:44","2018-02-16 10:24:44",,,,
"11413","McEachan","M","Redlands@parliament.qld.gov.au","(07) 3207 6910","(07) 3207 6897","PO Box 3667","VICTORIA POINT WEST","QLD","4165","(07) 3207 6897","(07) 3207 6910","16","291","2018-02-16 10:24:44","2018-02-16 10:24:44",,,,
"11415","Elmes","G W","Noosa@parliament.qld.gov.au","(07) 3235 4562","(07) 5449 9719","PO Box 1849","NOOSAVILLE DC","QLD","4566","(07) 5449 9719","(07) 5449 8988","16","348","2018-02-16 10:24:44","2018-02-16 10:24:44",,,,
"11417","Emerson","S A","Indooroopilly@parliament.qld.gov.au","(07) 3237 1111","(07) 3378 7072","Suite 1, 49 Station Road","INDOOROOPILLY","QLD","4068","(07) 3378 7072","(07) 3878 1928","16","360","2018-02-16 10:24:44","2018-02-16 10:24:44",,,,
"11419","Farmer","D","Bulimba@parliament.qld.gov.au","(07) 3399 9492","(07) 3399 6457","PO Box 107","MORNINGSIDE","QLD","4170","(07) 3399 6457","(07) 3399 9492","12","337","2018-02-16 10:24:44","2018-02-16 10:24:44",,,,
"11421","Bailey","M","Yeerongpilly@parliament.qld.gov.au","(07) 3848 4410","(07) 3892 2229","PO Box 412","MOOROOKA","QLD","4105","(07) 3892 2229","(07) 3848 4410","12","315","2018-02-16 10:24:44","2018-02-16 10:24:44",,,,
"11423","Rowan","C","Moggill@parliament.qld.gov.au","(07) 3237 1832","(07) 3892 2229","PO Box 328","KENMORE","QLD","4069","(07) 3892 2229","(07) 3378 8020","16","317","2018-02-16 10:24:44","2018-02-16 10:24:44",,,,
"11425","Saunders","B","Maryborough@parliament.qld.gov.au","(07) 4122 2277","(07) 4122 1980","PO Box 51","MARYBOROUGH","QLD","4650","(07) 4122 1980","(07) 4122 2277","12","296","2018-02-16 10:24:44","2018-02-16 10:24:44",,,,
"11427","Miles","S","Mount.Coot-tha@parliament.qld.gov.au","(07) 3368 3208","(07) 3369 4283","PO Box 1626","MILTON","QLD","4064","(07) 3369 4283","(07) 3368 3208","12","326","2018-02-16 10:24:44","2018-02-16 10:24:44",,,,
"11429","Perrett","A","Gympie@parliament.qld.gov.au","(07) 5482 3651","(07) 5482 5711","PO Box 1277","GYMPIE","QLD","4570","(07) 5482 5711","(07) 5482 3651","16","310","2018-02-16 10:24:44","2018-02-16 10:24:44",,,,
"11431","Grace","I","Brisbane.Central@parliament.qld.gov.au","(07) 3832 1322","(07) 3832 1323","Unit 2, Hill House","541 Boundary Street (Corner Bradley Street) SPRING HILL","QLD","4000","(07) 3832 1323","(07) 3832 1322","12","293","2018-02-16 10:24:44","2018-02-16 10:24:44",,,,
"11433","Lynham","A","Stafford@parliament.qld.gov.au","(07) 3356 4367","(07)3352 4960","Unit 207, 6 Babarra Street","STAFFORD","QLD","4053","(07)3352 4960","(07) 3356 4367","12","295","2018-02-16 10:24:44","2018-02-16 10:24:44",,,,
"11435","Leahy","A","Warrego@parliament.qld.gov.au","(07) 4622 8888","(07) 4622 8777","PO Box 945","ROMA","QLD","4455","(07) 4622 8777","(07) 4622 8888","16","312","2018-02-16 10:24:44","2018-02-16 10:24:44",,,,
"11437","Lauga","B","Keppel@parliament.qld.gov.au","(07) 4939 5732","(07) 4939 5736","PO Box 1661","YEPPOON","QLD","4703","(07) 4939 5736","(07) 4939 5732","12","282","2018-02-16 10:24:45","2018-02-16 10:24:45",,,,
"11439","Weir","P","Condamine@parliament.qld.gov.au","(07) 4662 2527","(07) 4662 5203","14A Cunningham Street","DALBY","QLD","4405","(07) 4662 5203","(07) 4662 2527","16","325","2018-02-16 10:24:45","2018-02-16 10:24:45",,,,
"11441","McVeigh","J J","Toowoomba.South@parliament.qld.gov.au","(07) 3239 3000","(07) 4639 1045","PO Box 3005","TOOWOOMBA","QLD","4350","(07) 4638 2147","(07) 4639 1199","16","359","2018-02-16 10:24:45","2018-02-16 10:24:45",,,,
"11443","Costigan","J N","Whitsunday@parliament.qld.gov.au","(07) 4945 3343","(07) 4945 3278","PO Box 251","PROSERPINE","QLD","4800","(07) 4945 3278","(07) 4945 3343","16","287","2018-02-16 10:24:45","2018-02-16 10:24:45",,,,
"11445","Millar","L","Gregory@parliament.qld.gov.au","(07) 4658 1227","(07) 4658 1949","PO Box 180","LONGREACH","QLD","4730","(07) 4658 1949","(07) 4658 1227","16","281","2018-02-16 10:24:45","2018-02-16 10:24:45",,,,
"11447","Stewart","S","Townsville@parliament.qld.gov.au","(07) 4772 4711","(07) 4721 2097","PO Box 1101","TOWNSVILLE","QLD","4810","(07) 4721 2097","(07) 4772 4711","12","319","2018-02-16 10:24:45","2018-02-16 10:24:45",,,,
"11449","Jones","K","Ashgrove@parliament.qld.gov.au","(07) 3224 4500","(07) 3366 6202","PO Box 3010","ASHGROVE EAST","QLD","4060","(07) 3366 6202","(07) 3366 6000","12","294","2018-02-16 10:24:45","2018-02-16 10:24:45",,,,
"11451","Boothman","M A","Albert@parliament.qld.gov.au","(07) 3807 0809","(07) 3807 6296","PO Box 1255","BEENLEIGH","QLD","4207","(07) 3807 6296","(07) 3807 0809","16","332","2018-02-16 10:24:45","2018-02-16 10:24:45",,,,
"11453","Katter","R I","Mount.Isa@parliament.qld.gov.au","(07) 4743 5149","(07) 4743 3386","PO Box 1968","MOUNT ISA","QLD","4825","(07) 4743 3386","(07) 4743 5149","15","285","2018-02-16 10:24:45","2018-02-16 10:24:45",,,,
"11455","Minnikin","S J","Chatsworth@parliament.qld.gov.au","(07) 3398 4777","(07) 3398 4680","PO Box 1565","CARINDALE","QLD","4152","(07) 3398 4680","(07) 3398 4777","16","343","2018-02-16 10:24:45","2018-02-16 10:24:45",,,,
"11457","Knuth","S","Dalrymple.Charters@parliament.qld.gov.au","(07) 4787 2139","(07) 4787 3919","Stock Exchange Arcade","2/76 Mosman Street","QLD","4820","(07) 4787 3919","(07) 4787 2139","15","308","2018-02-16 10:24:45","2018-02-16 10:24:45",,,,
"11459","Langbroek","J-P H","Surfers.Paradise@parliament.qld.gov.au","(07) 3237 1000","(07) 5538 5560","PO Box 80","ISLE OF CAPRI","QLD","4217","(07) 5538 5560","(07) 5538 9833","16","327","2018-02-16 10:24:45","2018-02-16 10:24:45",,,,
"11461","Molhoek","R","Southport@parliament.qld.gov.au","(07) 5532 5068","(07) 5532 0394","PO Box 903","SOUTHPORT","QLD","4215","(07) 5532 0394","(07) 5532 5068","16","323","2018-02-16 10:24:45","2018-02-16 10:24:45",,,,
"11463","Pease","J","Lytton@parliament.qld.gov.au","(07) 3396 0066","(07) 3893 2022","PO Box 227","WYNNUM","QLD","4178","(07) 3893 2022","(07) 3396 0066","12","363","2018-02-16 10:24:45","2018-02-16 10:24:45",,,,
"11465","Boyd","N","Pine.Rivers@parliament.qld.gov.au","(07) 3205 6779","(07) 3881 1662","PO Box 109","STRATHPINE CENTRE","QLD","4500","(07) 3881 1662","(07) 3205 6779","12","320","2018-02-16 10:24:45","2018-02-16 10:24:45",,,,
"11467","Pearce","J","Mirani@parliament.qld.gov.au","(07) 4956 1555","(07) 4956 1980","PO Box 56","SARINA","QLD","4737","(07) 4956 1980","(07) 4956 1555","12","298","2018-02-16 10:24:45","2018-02-16 10:24:45",,,,
"11469","McArdle","M F","Caloundra@parliament.qld.gov.au","(07) 3896 3691","(07) 5491 1801","PO Box 3998","CALOUNDRA","QLD","4551","(07) 5491 1801","(07) 5491 2780","16","334","2018-02-16 10:24:45","2018-02-16 10:24:45",,,,
"11471","Krause","J M","Beaudesert@parliament.qld.gov.au","(07) 5546 9611","(07) 5546 9961","Shop 16B, Jimboomba Shopping Centre","JIMBOOMBA","QLD","4280","(07) 5546 9961","(07) 5546 9611","16","305","2018-02-16 10:24:45","2018-02-16 10:24:45",,,,
"11473","Last","D","Burdekin@parliament.qld.gov.au","(07) 4783 2017","(07) 4783 4163","Shop 30, Centrepoint Arcade","Queen Street","QLD","4807","(07) 4783 4163","(07) 4783 2017","16","286","2018-02-16 10:24:45","2018-02-16 10:24:45",,,,
"11475","Bennett","S A","Burnett@parliament.qld.gov.au","(07) 4159 1988","(07) 4159 2696","PO Box 8371","BARGARA","QLD","4670","(07) 4159 2696","(07) 4159 1988","16","277","2018-02-16 10:24:45","2018-02-16 10:24:45",,,,
"11477","Power","L","Logan@parliament.qld.gov.au","(07) 3806 8513","(07) 3806 8467","PO Box 513","BROWNS PLAINS BC","QLD","4118","(07) 3806 8467","(07) 3806 8513","12","345","2018-02-16 10:24:45","2018-02-16 10:24:45",,,,
"11479","Miller","J R","Bundamba@parliament.qld.gov.au","(07) 3288 3737","(07) 3818 1613","PO Box 122","GOODNA","QLD","4300","(07) 3818 1613","(07) 3288 3737","12","330","2018-02-16 10:24:45","2018-02-16 10:24:45",,,,
"11481","Fentiman","S","Waterford@parliament.qld.gov.au","(07) 3200 3477","(07) 3200 3499","PO Box 112","WATERFORD","QLD","4133","(07) 3200 3499","(07) 3200 3477","12","341","2018-02-16 10:24:45","2018-02-16 10:24:45",,,,
"11483","Gilbert","J","Mackay@parliament.qld.gov.au","(07) 4957 8422","(07) 4951 4794","PO Box 1238","MACKAY","QLD","4740","(07) 4951 4794","(07) 4957 8422","12","314","2018-02-16 10:24:45","2018-02-16 10:24:45",,,,
"11485","O'Rourke","C","Mundingburra@parliament.qld.gov.au","(07) 3234 1870","(07) 4725 4194","PO Box 15031","AITKENVALE DC","QLD","4814","(07) 4725 4194","(07) 4725 4166","12","288","2018-02-16 10:24:45","2018-02-16 10:24:45",,,,
"11487","Nicholls","T J","Clayfield@parliament.qld.gov.au","(07) 3224 6900","(07) 3868 2078","PO Box 281","CLAYFIELD","QLD","4011","(07) 3868 2078","(07) 3262 8819","16","292","2018-02-16 10:24:45","2018-02-16 10:24:45",,,,
"11489","Howard","J","Ipswich@parliament.qld.gov.au","(07) 3202 3452","(07) 3202 4778","PO Box 52","BOOVAL","QLD","4304","(07) 3202 4778","(07) 3202 3452","12","339","2018-02-16 10:24:45","2018-02-16 10:24:45",,,,
"11491","Gordon","W","Cook@parliament.qld.gov.au","(07) 4092 7608","(07) 4031 2437","PO Box 2251","MAREEBA","QLD","4880","(07) 4031 2437","(07) 4092 7608","12","307","2018-02-16 10:24:45","2018-02-16 10:24:45",,,,
"11493","King","S","Kallangur@parliament.qld.gov.au","(07) 3491 8800","(07) 3482 3407","PO Box 700","KALLANGUR","QLD","4503","(07) 3482 3407","(07) 3491 8800","12","355","2018-02-16 10:24:45","2018-02-16 10:24:45",,,,
"11495","Palaszczuk","A","Inala@parliament.qld.gov.au","(07) 3372 3207","(07) 3372 6881","PO Box 75","INALA","QLD","4077","(07) 3372 6881","(07) 3372 3207","12","357","2018-02-16 10:24:45","2018-02-16 10:24:45",,,,
"11497","Pitt","C W","Mulgrave@parliament.qld.gov.au","(07) 4056 3175","(07) 4056 3340","PO Box 314","GORDONVALE","QLD","4865","(07) 4056 3340","(07) 4056 3175","12","309","2018-02-16 10:24:45","2018-02-16 10:24:45",,,,
"11499","Powell","A C","Glass.House@parliament.qld.gov.au","(07) 3239 0844","(07) 5435 2165","PO Box 727","MALENY","QLD","4552","(07) 5435 2165","(07) 5435 2013","16","335","2018-02-16 10:24:45","2018-02-16 10:24:45",,,,
"11501","Frecklington","D K","Nanango@parliament.qld.gov.au","(07) 4162 1381","(07) 4162 4774","PO Box 1158","KINGAROY","QLD","4610","(07) 4162 4774","(07) 4162 1381","16","279","2018-02-16 10:24:45","2018-02-16 10:24:45",,,,
"11503","Walker","I B","Mansfield@parliament.qld.gov.au","(07) 3849 3488","(07) 3849 3511","PO Box 2202","MANSFIELD BC","QLD","4122","(07) 3849 3511","(07) 3849 3488","16","352","2018-02-16 10:24:45","2018-02-16 10:24:45",,,,
"11505","Rickuss","I P","Lockyer@parliament.qld.gov.au","(07) 5462 2772","(07) 5462 2388","Shop 1, 47 North Street","GATTON","QLD","4343","(07) 5462 2388","(07) 5462 2772","16","280","2018-02-16 10:24:45","2018-02-16 10:24:45",,,,
"11507","Linard","L","Nudgee@parliament.qld.gov.au","(07) 3260 5326","(07) 3260 5346","PO Box 419","NORTHGATE","QLD","4013","(07) 3260 5346","(07) 3260 5326","12","329","2018-02-16 10:24:45","2018-02-16 10:24:45",,,,
"11509","Pegg","D","Stretton@parliament.qld.gov.au","(07) 3344 2659","(07) 3344 1258","Unit 5, 62 Pinelands Road","SUNNYBANK HILLS","QLD","4109","(07) 3344 1258","(07) 3344 2659","12","302","2018-02-16 10:24:45","2018-02-16 10:24:45",,,,
"11511","Robinson","M A","Cleveland@parliament.qld.gov.au","(07) 3286 2726","(07) 3286 5418","19 Waterloo Street","CLEVELAND","QLD","4163","(07) 3286 5418","(07) 3286 2726","16","313","2018-02-16 10:24:45","2018-02-16 10:24:45",,,,
"11513","Ryan","M","Morayfield@parliament.qld.gov.au","(07) 5432 3120","(07) 5432 3183","PO Box 202","MORAYFIELD","QLD","4506","(07) 5432 3183","(07) 5432 3120","12","354","2018-02-16 10:24:45","2018-02-16 10:24:45",,,,
"11515","Byrne","W S","Rockhampton@parliament.qld.gov.au","(07) 4927 5299","(07) 4927 8212","PO Box 729","ROCKHAMPTON","QLD","4700","(07) 4927 8212","(07) 4927 5299","12","306","2018-02-16 10:24:45","2018-02-16 10:24:45",,,,
"11517","Dick","C","Woodridge@parliament.qld.gov.au","(07) 3808 5212","(07) 3283 1073","PO Box 2486","LOGAN CITY DC","QLD","4114","(07) 3283 1073","(07) 3808 5212","12","344","2018-02-16 10:24:45","2018-02-16 10:24:45",,,,
"11519","Seeney","J W","Callide@parliament.qld.gov.au","(07) 3224 4600","(07) 4992 3189","PO Box 559","BILOELA","QLD","4715","(07) 4992 3189","(07) 4992 2475","16","275","2018-02-16 10:24:45","2018-02-16 10:24:45",,,,
"11521","Watts","T J","Toowoomba.North@parliament.qld.gov.au","(07) 4638 5755","(07) 4638 4056","PO Box 155","HARLAXTON","QLD","4350","(07) 4638 4056","(07) 4638 5755","16","336","2018-02-16 10:24:45","2018-02-16 10:24:45",,,,
"11523","Simpson","F S","Maroochydore@parliament.qld.gov.au","(07) 5443 7995","(07) 5443 7242","Suite 1","Cnr First & Memorial Avenues","QLD","4000","(07) 5443 7242","(07) 5443 7995","16","299","2018-02-16 10:24:45","2018-02-16 10:24:45",,,,
"11525","Hart","M J","Burleigh@parliament.qld.gov.au","(07) 5526 6024","(07) 5526 6135","PO Box 2093","BURLEIGH BC","QLD","4220","(07) 5526 6135","(07) 5526 6024","16","353","2018-02-16 10:24:45","2018-02-16 10:24:45",,,,
"11527","Sorensen","T","Hervey.Bay@parliament.qld.gov.au","(07) 4124 1386","(07) 4124 1443","PO Box 5049","TORQUAY","QLD","4655","(07) 4124 1443","(07) 4124 1386","16","347","2018-02-16 10:24:45","2018-02-16 10:24:45",,,,
"11529","Russo","P","Sunnybank@parliament.qld.gov.au","(07) 3219 6974","(07) 3345 7605","Suite 4, 309 Mains Road","SUNNYBANK","QLD","4109","(07) 3345 7605","(07) 3219 6974","12","278","2018-02-16 10:24:45","2018-02-16 10:24:45",,,,
"11531","Springborg","L J","Southern.Downs@parliament.qld.gov.au","(07) 3234 1191","(07) 4681 2949","PO Box 444","STANTHORPE","QLD","4380","(07) 4681 2949","(07) 4681 2160","16","304","2018-02-16 10:24:45","2018-02-16 10:24:45",,,,
"11533","Stevens","R A","Mermaid.Beach@parliament.qld.gov.au","(07) 5592 0071","(07) 5592 2301","Shops 44 and 45, Level 1, Niecon Plaza, 17 Victoria Avenue","BROADBEACH","QLD","4218","(07) 5592 2301","(07) 5592 0071","16","349","2018-02-16 10:24:45","2018-02-16 10:24:45",,,,
"11535","De Brenni","M","Springwood@parliament.qld.gov.au","(07) 3423 2788","(07) 3423 2922","PO Box 1940","SPRINGWOOD","QLD","4127","(07) 3423 2922","(07) 3423 2788","12","362","2018-02-16 10:24:45","2018-02-16 10:24:45",,,,
"11537","Enoch","L","Algester@parliament.qld.gov.au","(07) 3278 9257","(07) 3278 9203","PO Box 854","ARCHERFIELD","QLD","4115","(07) 3278 9203","(07) 3278 9257","12","301","2018-02-16 10:24:45","2018-02-16 10:24:45",,,,
"11539","Stuckey","J A","Currumbin@parliament.qld.gov.au","(07) 3224 2004","(07) 5598 1861","PO Box 751","CURRUMBIN","QLD","4223","(07) 5598 1861","(07) 5598 1387","16","346","2018-02-16 10:24:45","2018-02-16 10:24:45",,,,
"11541","Williams","R","Pumicestone@parliament.qld.gov.au","(07) 3408 6436","(07) 3408 6041","1/43 Benabrow Avenue","BELLARA","QLD","4507","(07) 3408 6041","(07) 3408 6436","12","338","2018-02-16 10:24:45","2018-02-16 10:24:45",,,,
"11543","D'Ath","Y","Redcliffe@parliament.qld.gov.au","(07) 3284 2667","(07) 3283 1073","PO Box 936","REDCLIFFE","QLD","4020","(07) 3283 1073","(07) 3284 2667","12","351","2018-02-16 10:24:45","2018-02-16 10:24:45",,,,
"11545","Harper","A","Thuringowa@parliament.qld.gov.au","(07) 4773 3116","(07) 4773 5013","PO Box 94","THURINGOWA CENTRAL","QLD","4817","(07) 4773 5013","(07) 4773 3116","12","303","2018-02-16 10:24:45","2018-02-16 10:24:45",,,,
"11547","Mander","T","Everton@parliament.qld.gov.au","(07) 3855 1133","(07) 3855 1280","PO Box 656","EVERTON PARK","QLD","4503","(07) 3855 1280","(07) 3855 1133","16","289","2018-02-16 10:24:45","2018-02-16 10:24:45",,,,
"11549","Wellington","P W","Nicklin@parliament.qld.gov.au","(07) 5441 6933","(07) 5441 6255","PO Box 265","NAMBOUR","QLD","4560","(07) 5441 6255","(07) 5441 6933","14","342","2018-02-16 10:24:45","2018-02-16 10:24:45",,,,
"11551","Whiting","C","Murrumba@parliament.qld.gov.au","(07) 3293 1069","(07) 3293 1257","PO Box 76","DECEPTION BAY","QLD","4508","(07) 3293 1257","(07) 3293 1069","12","356","2018-02-16 10:24:45","2018-02-16 10:24:45",,,,
"11553","Madden","J","Ipswich.West@parliament.qld.gov.au","(07) 3813 0074","(07) 3813 0076","PO Box 5273","BRASSALL","QLD","4304","(07) 3813 0076","(07) 3813 0074","12","311","2018-02-16 10:24:45","2018-02-16 10:24:45",,,,
"11555","Crawford","C","Barron.River@parliament.qld.gov.au","(07) 4038 2800","(07) 4038 2801","PO Box 1014","SMITHFIELD","QLD","4878","(07) 4038 2801","(07) 4038 2800","12","284","2018-02-16 10:24:45","2018-02-16 10:24:45",,,,
"11557","Furner","M","Ferny.Grove@parliament.qld.gov.au","(07) 3851 1570","(07) 3851 1261","PO Box 316","FERNY HILLS DC","QLD","4055","(07) 3851 1261","(07) 3851 1570","12","318","2018-02-16 10:24:45","2018-02-16 10:24:45",,,,
"11559","Best","B R","brenton.best@parliament.tas.gov.au","(03) 6421 7889","(03) 6421 7888","68 Rooke Street Mall","Devonport","TAS","7310","(03) 6421 7888","(03) 6421 7889","17","411","2018-02-16 10:24:45","2018-02-16 10:24:45",,,,
"11561","Brooks","A D","adam.brooks@parliament.tas.gov.au","(03) 6434 6391","(03) 6434 6221","64 Wilson Street","Burnie","TAS","7320","(03) 6233 2823","(03) 6212 2189","18","411","2018-02-16 10:24:45","2018-02-16 10:24:45",,,,
"11563","Green","B A","bryan.green@parliament.tas.gov.au","(03) 6434 6252","(03) 6434 6352","80B Wilson Street","Burnie","TAS","7320","(03) 6233 2272","(03) 6233 6454","17","411","2018-02-16 10:24:45","2018-02-16 10:24:45",,,,
"11565","O'Halloran","P T","paul.ohalloran@parliament.tas.gov.au","(03) 6233 8300","(03) 6223 1406","House of Assembly, Parliament House","Hobart","TAS","7000","(03) 6223 1406","(03) 6233 8300","19","411","2018-02-16 10:24:45","2018-02-16 10:24:45",,,,
"11567","Rockliff","J P","jeremy.rockliff@parliament.tas.gov.au","(03) 6212 2187","(03) 6233 2823","47B Best Street","Devonport","TAS","7310","(03) 6423 5819","(03) 6421 7930","18","411","2018-02-16 10:24:45","2018-02-16 10:24:45",,,,
"11569","Giddings","L T","lara.giddings@parliament.tas.gov.au","(03) 6233 3464","(03) 6234 1572","11th Floor, Executive Building, 15 Murray Street","Hobart","TAS","7000","(03) 6233 3464","(03) 6234 1572","17","412","2018-02-16 10:24:45","2018-02-16 10:24:45",,,,
"11571","Hodgman","W E","will.hodgman@parliament.tas.gov.au","(03) 6212 2191","(03) 6233 2823","Channel Court Shopping Centre","Kingston","TAS","7050","(03) 6229 7950","(03) 6211 8507","18","412","2018-02-16 10:24:45","2018-02-16 10:24:45",,,,
"11573","McKim","N J","nick.mckim@parliament.tas.gov.au","(03) 6233 8300","(03) 6223 1406","Level 9, Marine Board Building, 1 Franklin Wharf","Hobart","TAS","7000","(03) 6233 2671","(03) 6233 6756","19","412","2018-02-16 10:24:45","2018-02-16 10:24:45",,,,
"11575","O'Byrne","D J","david.obyrne@parliament.tas.gov.au","(03) 6233 8892","(03) 6233 7663","9th Floor, Executive Building, 15 Murray Street","Hobart","TAS","7000","(03) 6233 7663","(03) 6233 8892","17","412","2018-02-16 10:24:45","2018-02-16 10:24:45",,,,
"11577","Petrusma","J A","jacquie.petrusma@parliament.tas.gov.au","(03) 6214 6000","(03) 6214 6002","27 South Arm Road","Rokeby","TAS","7019","(03) 6214 6002","(03) 6214 6000","18","412","2018-02-16 10:24:45","2018-02-16 10:24:45",,,,
"11579","Hidding","M T","rene.hidding@parliament.tas.gov.au","(03) 6233 8099","(03) 6233 2823","17A Marlborough Street","Longford","TAS","7301","(03) 6391 3103","(03) 6397 7411","18","413","2018-02-16 10:24:45","2018-02-16 10:24:45",,,,
"11581","Morris","T B","tim.morris@parliament.tas.gov.au","(03) 6212 2363","(03) 6224 2298","Shop 9, Cove Hill Shopping Centre","Bridgewater","TAS","7030","(03) 6263 3805","(03) 6263 3801","19","413","2018-02-16 10:24:45","2018-02-16 10:24:45",,,,
"11583","Polley","M R","michael.polley@parliament.tas.gov.au","(03) 6397 7408","(03) 6391 1385","10A Marlborough Street","Longford","TAS","7301","(03) 6391 1385","(03) 6397 7408","17","413","2018-02-16 10:24:45","2018-02-16 10:24:45",,,,
"11585","Shelton","M D","mark.shelton@parliament.tas.gov.au","(03) 6212 2183","(03) 6233 2823","17A Marlborough Street","Longford","TAS","7301","(03) 6391 3103","(03) 6397 7411","18","413","2018-02-16 10:24:45","2018-02-16 10:24:45",,,,
"11587","White","R","rebecca.white@parliament.tas.gov.au","(03) 6212 2212","(03) 6223 3803","10th Floor, Executive Building, 15 Murray Street","Hobart","TAS","7000","(03) 6223 2806","(03) 6233 3974","17","413","2018-02-16 10:24:45","2018-02-16 10:24:45",,,,
"11589","Booth","K D","kim.booth@parliament.tas.gov.au","(03) 6233 8300","(03) 6223 1406","Level 1, 162 Macquarie Street, Civic Square","Launceston","TAS","7250","(03) 6336 2522","(03) 6336 2294","19","414","2018-02-16 10:24:45","2018-02-16 10:24:45",,,,
"11591","Ferguson","M D J","michael.ferguson@parliament.tas.gov.au","(03) 6212 2182","(03) 6233 2823","4th Floor, Henty House, 1 Civic Square","Launceston","TAS","7250","(03) 6301 9224","(03) 6336 2427","18","414","2018-02-16 10:24:45","2018-02-16 10:24:45",,,,
"11593","Gutwein","P C","peter.gutwein@parliament.tas.gov.au","(03) 6212 2188","(03) 6233 2823","4th Floor, Henty House, 1 Civic Square","Launceston","TAS","7250","(03) 6334 1487","(03) 6336 2671","18","414","2018-02-16 10:24:45","2018-02-16 10:24:45",,,,
"11595","O'Byrne","M A","michelle.obyrne@parliament.tas.gov.au","(03) 6233 0804","(03) 6233 4980","Ground Floor, Public Buildings, 53 St John Street","Launceston","TAS","7250","(03) 6336 2640","(03) 6336 2452","17","414","2018-02-16 10:24:45","2018-02-16 10:24:45",,,,
"11597","Wightman","B N","brian.wightman@parliament.tas.gov.au","(03) 6233 9237","(03) 6223 7610","Ground Floor, Public Buildings, 53 St John Street","Launceston","TAS","7250","(03) 6336 2767","(03) 6336 2637","17","414","2018-02-16 10:24:45","2018-02-16 10:24:45",,,,
"11599","Archer","E N","elise.archer@parliament.tas.gov.au","(03) 6212 2185","(03) 6233 2823","62 Main Road","Moonah","TAS","7009","(03) 6233 5484","(03) 6233 5995","18","415","2018-02-16 10:24:45","2018-02-16 10:24:45",,,,
"11601","Bacon","S","scott.bacon@parliament.tas.gov.au","(03) 6233 8878","(03) 6233 8874","353 Main Street","Glenorchy","TAS","7010","(03) 6233 8878","(03) 6233 8874","17","415","2018-02-16 10:24:45","2018-02-16 10:24:45",,,,
"11603","Groom","M G","matthew.groom@parliament.tas.gov.au","(03) 6212 2186","(03) 6233 2823","Level 1 - Reserve Bank Building, 111 Macquarie Street","Hobart","TAS","7000","(03) 6223 2406","(03) 6233 2433","18","415","2018-02-16 10:24:45","2018-02-16 10:24:45",,,,
"11605","O'Connor","C","cassy.oconnor@parliament.tas.gov.au","(03) 6233 8300","(03) 6223 1406","Level 9, Marine Board Building, 1 Franklin Wharf","Hobart","TAS","7000","(03) 6233 2671","(03) 6233 6756","19","415","2018-02-16 10:24:46","2018-02-16 10:24:46",,,,
"11607","Sturges","G L","graeme.sturges@parliament.tas.gov.au","(03) 6212 2216","(03) 6278 7743","95 Main Road","Moonah","TAS","7009","(03) 6278 7743","(03) 6233 2530","17","415","2018-02-16 10:24:46","2018-02-16 10:24:46",,,,
"11609","Atkinson","Michael","croydon@parliament.sa.gov.au",,,"488 Port Road","Welland","SA","5007","08 8346 5471","08 8346 2462","21","374","2018-02-16 10:24:46","2018-02-16 10:24:46",,,,
"11611","Bedford","Frances","florey@parliament.sa.gov.au",,,"967 South Road","Melrose Park","SA","5039","08 8263 2166","08 8263 2666","21","408","2018-02-16 10:24:46","2018-02-16 10:24:46",,,,
"11613","Bettison","Zoe","ramsay@parliament.sa.gov.au",,,"24a Bay Road","Mount Gambier","SA","5290","08 8258 5433","08 8258 0480","21","398","2018-02-16 10:24:46","2018-02-16 10:24:46",,,,
"11615","Bignell","Leon","mawson@parliament.sa.gov.au",,,"40-42 Commercial Road","Salisbury","SA","5108","08 8384 6155","08 8384 6344","21","372","2018-02-16 10:24:46","2018-02-16 10:24:46",,,,
"11617","Hughes","Eddie","giles@parliament.sa.gov.au",,,"Westland Shopping Centre, Nicolson Avenue","Whyalla Norrie","SA","5608","08 8645 0713","08 8645 7800","21","378","2018-02-16 10:24:46","2018-02-16 10:24:46",,,,
"11619","Brock","Geoff","frome@parliament.sa.gov.au",,,"Shop 12 Hackham Plaza, 154 Main South Road","Hackham","SA","5163","08 8633 1758","08 8633 1210","24","373","2018-02-16 10:24:46","2018-02-16 10:24:46",,,,
"11621","Caica","Paul","colton@parliament.sa.gov.au",,,"Shop C, Ellen Centre","Port Pirie","SA","5540","08 8235 1050","08 8353 1111","21","406","2018-02-16 10:24:46","2018-02-16 10:24:46",,,,
"11623","Chapman","Vickie","bragg@parliament.sa.gov.au",,,"318 Seaview Road","Henley Beach","SA","5022","08 8364 2173","08 8332 4799","25","388","2018-02-16 10:24:46","2018-02-16 10:24:46",,,,
"11625","Close","Susan","ptadelaide@parliament.sa.gov.au",,,"357 Greenhill Road","Toorak Gardens","SA","5065","08 8241 0400","08 8241 0300","21","397","2018-02-16 10:24:46","2018-02-16 10:24:46",,,,
"11627","Digance","Annabel","elder@parliament.sa.gov.au",,,"Shop 11 Aberfoyle Hub Shopping Centre","Aberfoyle Park","SA","5159","08 8374 0507","08 8374 1939","21","385","2018-02-16 10:24:46","2018-02-16 10:24:46",,,,
"11629","Duluk","Sam","davenport@parliament.sa.gov.au",,,"1/7-9 Young Street","Blackwood","SA","5051","08 8370 2626","08 8278 5844","25","392","2018-02-16 10:24:46","2018-02-16 10:24:46",,,,
"11631","Speirs","David","bright@parliament.sa.gov.au",,,"7 Sturt Road","Brighton","SA","5048","08 8365 3421","08 8296 9833","25","399","2018-02-16 10:24:46","2018-02-16 10:24:46",,,,
"11633","Gardner","John","morialta@parliament.sa.gov.au",,,"163 St Bernards Road","Rostrevor","SA","5073","08 8365 4225","08 8365 4224","25","387","2018-02-16 10:24:46","2018-02-16 10:24:46",,,,
"11635","Wortley","Dana","torrens@parliament.sa.gov.au",,,"Shop 8, 511-529 North East Road","Gilles Plains","SA","5086","08 8369 0410","08 8369 2323","21","403","2018-02-16 10:24:46","2018-02-16 10:24:46",,,,
"11637","Goldsworthy","Mark","kavel@parliament.sa.gov.au",,,"48 Hutchinson Street","Mount Barker","SA","5251","08 8391 4744","08 8391 5599","25","390","2018-02-16 10:24:46","2018-02-16 10:24:46",,,,
"11639","Griffiths","Steven","goyder@parliament.sa.gov.au",,,"51 Robert Street","Maitland","SA","5573","08 8832 2699","08 8832 2455","25","367","2018-02-16 10:24:46","2018-02-16 10:24:46",,,,
"11641","Hamilton-Smith","Martin","waite@parliament.sa.gov.au",,,"Shop 2, 212 Belair Road","Hawthorn","SA","5062","08 8373 3158","08 8271 6448","24","393","2018-02-16 10:24:46","2018-02-16 10:24:46",,,,
"11643","Picton","Chris","kaurna@parliament.sa.gov.au",,,"760 Grand Boulevard","Seaford Meadows","SA","5169","08 8373 4261","08 8327 0900","21","371","2018-02-16 10:24:46","2018-02-16 10:24:46",,,,
"11645","Kenyon","Tom","newland@parliament.sa.gov.au",,,"Office 4, 1257 North East Road","Ridgehaven","SA","5097","08 8396 1737","08 8264 4482","21","391","2018-02-16 10:24:46","2018-02-16 10:24:46",,,,
"11647","Key","Steph","ashford@parliament.sa.gov.au",,,"407 Marion Road","Plympton","SA","5038","08 8371 5211","08 8371 5600","21","386","2018-02-16 10:24:46","2018-02-16 10:24:46",,,,
"11649","Koutsantonis","Tom","westtorrens@parliament.sa.gov.au",,,"229 Henley Beach Road","Torrensville","SA","5031","08 8234 6323","08 8234 0777","21","366","2018-02-16 10:24:46","2018-02-16 10:24:46",,,,
"11651","Marshall","Steven","dunstan@parliament.sa.gov.au",,,"Unit 2 90-94 The Parade","Norwood","SA","5067","08 8363 4001","08 8363 9111","25","394","2018-02-16 10:24:46","2018-02-16 10:24:46",,,,
"11653","Mcfetridge","Duncan","morphett@parliament.sa.gov.au",,,"4 Byron Street","Glenelg","SA","5045","08 8294 9712","08 8294 6711","25","409","2018-02-16 10:24:46","2018-02-16 10:24:46",,,,
"11655","Gee","Jon","napier@parliament.sa.gov.au",,,"Shop 86B, 600 Main North Road","Smithfield","SA","5114","08 8254 9811","08 8254 1023","21","395","2018-02-16 10:24:46","2018-02-16 10:24:46",,,,
"11657","Odenwalder","Lee","littlepara@parliament.sa.gov.au",,,"Elizabeth Vale Shopping Centre, John Rice Avenue","Elizabeth Vale","SA","5112","08 8287 1349","08 8255 3030","21","405","2018-02-16 10:24:46","2018-02-16 10:24:46",,,,
"11659","Pederick","Adrian","hammond@parliament.sa.gov.au",,,"20 Mannum Road","Murray Bridge","SA","5253","08 8531 1282","08 8531 1676","25","381","2018-02-16 10:24:46","2018-02-16 10:24:46",,,,
"11661","Bell","Troy","mtgambier@parliament.sa.gov.au",,,"Shop 1, 436 Montague Road","Modbury North","SA","5092","08 8723 1585","08 8724 9944","25","375","2018-02-16 10:24:46","2018-02-16 10:24:46",,,,
"11663","Pengilly","Michael","finniss@parliament.sa.gov.au",,,"71 Victoria Street","Victor Harbor","SA","5211","08 8552 4710","08 8552 2152","25","379","2018-02-16 10:24:46","2018-02-16 10:24:46",,,,
"11665","Piccolo","Tony","light@parliament.sa.gov.au",,,"148 Murray Street","Gawler","SA","5118","08 8523 1392","08 8522 2878","21","383","2018-02-16 10:24:46","2018-02-16 10:24:46",,,,
"11667","Pisoni","David","unley@parliament.sa.gov.au",,,"372 Unley Road","Unley Park","SA","5061","08 8289 1430","08 8373 4846","25","404","2018-02-16 10:24:46","2018-02-16 10:24:46",,,,
"11669","Tarzia","Vincent","hartley@parliament.sa.gov.au",,,"25A Montacute Road","Campbelltown","SA","5074","08 8682 5912","08 8365 1341","25","400","2018-02-16 10:24:46","2018-02-16 10:24:46",,,,
"11671","Rankine","Jennifer","wright@parliament.sa.gov.au",,,"Suite 1, Village Shopping Centre, Corner The Golden Way & The Grove Way","Golden Grove","SA","5125","08 8260 7111","08 8289 0700","21","410","2018-02-16 10:24:46","2018-02-16 10:24:46",,,,
"11673","Rau","John","enfield@parliament.sa.gov.au",,,"Shop 6, 430 Prospect Road","Kilburn","SA","5084","08 8339 6817","08 8260 7733","21","382","2018-02-16 10:24:46","2018-02-16 10:24:46",,,,
"11675","Redmond","Isobel","heysen@parliament.sa.gov.au",,,"14 Druids Avenue","Stirling","SA","5152","08 8269 4233","08 8339 5077","25","370","2018-02-16 10:24:46","2018-02-16 10:24:46",,,,
"11677","Sanderson","Rachel","adelaide@parliament.sa.gov.au",,,"84 Prospect Road","Prospect","SA","5082","08 8396 3435","08 8269 1838","25","365","2018-02-16 10:24:46","2018-02-16 10:24:46",,,,
"11679","Wingard","Corey","Wingard.mitchell@parliament.sa.gov.au",,,"L2/1 Milham Street","Oaklands Park","SA","5046","8377 3522","0883773500","25","402","2018-02-16 10:24:46","2018-02-16 10:24:46",,,,
"11681","Snelling","Jack","playford@parliament.sa.gov.au",,,"Unit 1/3 Wilkinson Road","Para Hills","SA","5096","08 8377 1324","08 8263 3777","21","407","2018-02-16 10:24:46","2018-02-16 10:24:46",,,,
"11683","Cook","Nat","fisher@parliament.sa.gov.au",,,"1/111 Lipson Street","Port Adelaide","SA","5015","08 8270 1874","08 8270 5122","21","364","2018-02-16 10:24:46","2018-02-16 10:24:46",,,,
"11685","Hildyard","Katrine","reynell@parliament.sa.gov.au",,,"198 Main South Road","Morphett Vale","SA","5162","08 8384 3470","08 8382 0409","21","401","2018-02-16 10:24:46","2018-02-16 10:24:46",,,,
"11687","Treloar","Peter","flinders.portlincoln@parliament.sa.gov.au",,,"Shop 16, Civic Centre, Tasman Terrace","Port Lincoln","SA","5606","08 8642 6402","0886830722","25","384","2018-02-16 10:24:46","2018-02-16 10:24:46",,,,
"11689","Van Holst Pellekaan","Dan","stuart.portaugusta@parliament.sa.gov.au",,,"Shop 2, 5 Young Street","Port Augusta","SA","5700","08 8566 2077","08 8566 2099","25","376","2018-02-16 10:24:46","2018-02-16 10:24:46",,,,
"11691","Knoll","Stephan","schubert@parliament.sa.gov.au",,,"129A Murray Street","Tanunda","SA","5352","08 8563 0190","08 8563 3636","25","377","2018-02-16 10:24:46","2018-02-16 10:24:46",,,,
"11693","Vlahos","Leesa","taylor@parliament.sa.gov.au",,,"Paralowie Shopping Centre, Units 1 & 2, 9 Liberator Drive","Paralowie","SA","5108","08 8280 5526","08 8280 5144","21","380","2018-02-16 10:24:46","2018-02-16 10:24:46",,,,
"11695","Weatherill","Jay","cheltenham@parliament.sa.gov.au",,,"Unit 4, 95 Findon Road","Woodville South","SA","5011","08 8244 6732","08 8243 0062","21","369","2018-02-16 10:24:46","2018-02-16 10:24:46",,,,
"11697","Whetstone","Tim","chaffey@parliament.sa.gov.au",,,"13 Kay Avenue","Berri","SA","5343","08 8582 4231","08 8582 4230","25","368","2018-02-16 10:24:46","2018-02-16 10:24:46",,,,
"11699","Williams","Mitch","mackillop@parliament.sa.gov.au",,,"30 Ormerod Street","Naracoorte","SA","5271","08 8762 1121","08 8762 1211","25","389","2018-02-16 10:24:46","2018-02-16 10:24:46",,,,
"11701","Mullighan","Stephen","lee@parliament.sa.gov.au",,,"62 Semaphore Road","Semaphore","SA","5019",,"08 8449 4288","21","396","2018-02-16 10:24:46","2018-02-16 10:24:46",,,,
"11703","Aitchison","Jenny","maitland@parliament.nsw.gov.au",,,"34 Church Street","MAITLAND","NSW","2320","(02) 4933 4782","(02) 4933 1617","9","188","2018-02-16 10:24:46","2018-02-16 10:24:46",,,,
"11705","Anderson","Kevin","tamworth@parliament.nsw.gov.au",,,"Ground Floor, 13 Fitzroy Street","TAMWORTH","NSW","2340","(02) 6766 6765","(02) 6766 1422","26","222","2018-02-16 10:24:46","2018-02-16 10:24:46",,,,
"11707","Aplin","Greg","albury@parliament.nsw.gov.au",,,"612 Dean Street","ALBURY","NSW","2640","(02) 6021 8884","(02) 6021 3042","10","204","2018-02-16 10:24:46","2018-02-16 10:24:46",,,,
"11709","Atalla","Edmond","mountdruitt@parliament.nsw.gov.au",,,"Office Suite 201, Westfield Shoppingtown, Carlisle Avenue","MOUNT DRUITT","NSW","2770","(02) 9625 9965","(02) 9625 6770","9","227","2018-02-16 10:24:46","2018-02-16 10:24:46",,,,
"11711","Ayres","Stuart","penrith@parliament.nsw.gov.au","(02) 8574 6500","(02) 9339 5522","Shop 23 Ground Floor, Penrith Centre, 510-534 High Street","PENRITH","NSW","2750","(02) 4731 4782","(02) 4722 8660","10","263","2018-02-16 10:24:46","2018-02-16 10:24:46",,,,
"11713","Bali","Stephen","blacktown@parliament.nsw.gov.au",,,"Shop 3063, Westpoint Shopping Centre, Flushcombe Road","BLACKTOWN","NSW","2148","(02) 9671 5266","(02) 9671 5222","9","226","2018-02-16 10:24:46","2018-02-16 10:24:46",,,,
"11715","Barilaro","John","monaro@parliament.nsw.gov.au","(02) 8574 5150","(02) 9339 5558","213 Crawford Street","QUEANBEYAN","NSW","2620","(02) 6297 9998","(02) 6299 4899","26","191","2018-02-16 10:24:46","2018-02-16 10:24:46",,,,
"11717","Barr","Clayton","cessnock@parliament.nsw.gov.au",,,"118 Vincent Street","CESSNOCK","NSW","2325","(02) 4991 1103","(02) 4991 1466","9","185","2018-02-16 10:24:46","2018-02-16 10:24:46",,,,
"11719","Berejiklian","Gladys","willoughby@parliament.nsw.gov.au","(02) 8574 5000","(02) 9339 5500","280 Willoughby Road","NAREMBURN","NSW","2065","(02) 9439 9299","(02) 9439 4199","10","230","2018-02-16 10:24:46","2018-02-16 10:24:46",,,,
"11721","Bromhead","Stephen","myalllakes@parliament.nsw.gov.au",,,"Suite F4/F5, Level 1, 1-9 Manning Street","TUNCURRY","NSW","2428","(02) 6555 4780","(02) 6555 4099","26","214","2018-02-16 10:24:46","2018-02-16 10:24:46",,,,
"11723","Brookes","Glenn","easthills@parliament.nsw.gov.au",,,"20 Revesby Place","REVESBY","NSW","2212","(02) 9792 1718","(02) 9772 2774","29","245","2018-02-16 10:24:46","2018-02-16 10:24:46",,,,
"11725","Car","Prue","londonderry@parliament.nsw.gov.au",,,"154 Queen Street","ST MARYS","NSW","2760","(02) 9623 1185","(02) 9833 1122","9","196","2018-02-16 10:24:46","2018-02-16 10:24:46",,,,
"11727","Catley","Yasmin","swansea@parliament.nsw.gov.au",,,"Shop 1, 204-206 Pacific Highway","SWANSEA","NSW","2281","(02) 4972 1494","(02) 4972 1133","9","257","2018-02-16 10:24:46","2018-02-16 10:24:46",,,,
"11729","Chanthivong","Anoulack","macquariefields@parliament.nsw.gov.au",,,"Shop 3 Ground Floor, 2-6 Oxford Street","INGLEBURN","NSW","2565","(02) 9618 2088","(02) 9618 2077","9","237","2018-02-16 10:24:46","2018-02-16 10:24:46",,,,
"11731","Conolly","Kevin","riverstone@parliament.nsw.gov.au",,,"Shop 20 Stanhope Village, 2 Sentry Drive","STANHOPE GARDENS","NSW","2768","(02) 8883 3355","(02) 8883 3499","10","190","2018-02-16 10:24:46","2018-02-16 10:24:46",,,,
"11733","Constance","Andrew","bega@parliament.nsw.gov.au","(02) 8574 5807","(02) 9339 5512","122 Carp Street","BEGA","NSW","2550","(02) 6492 3578","(02) 6492 2056","10","198","2018-02-16 10:24:46","2018-02-16 10:24:46",,,,
"11735","Cooke","Steph","cootamundra@parliament.nsw.gov.au","(02) 6924 2533","(02) 6924 1537","140 Boorowa Street","YOUNG","NSW","2594","(02) 6382 3144","(02) 6382 2399","26","987","2018-02-16 10:24:46","2018-02-16 10:24:46",,,,
"11737","Cotsis","Sophie","canterbury@parliament.nsw.gov.au",,,"Suites 201 & 202 Level 2, 308-312 Beamish Street","CAMPSIE","NSW","2194","(02) 9787 1999","(02) 9718 1234","9","232","2018-02-16 10:24:46","2018-02-16 10:24:46",,,,
"11739","Coure","Mark","oatley@parliament.nsw.gov.au",,,"24 Pitt Street","MORTDALE","NSW","2223","(02) 9580 9103","(02) 9580 9349","10","260","2018-02-16 10:24:46","2018-02-16 10:24:46",,,,
"11741","Crakanthorp","Tim","newcastle@parliament.nsw.gov.au",,,"Ground Floor, 414 Hunter Street","NEWCASTLE","NSW","2300","(02) 4926 2134","(02) 4926 1126","9","193","2018-02-16 10:24:46","2018-02-16 10:24:46",,,,
"11743","Crouch","Adam","terrigal@parliament.nsw.gov.au",,,"Shop 3 Fountain Plaza, 148-158 The Entrance Road","ERINA","NSW","2250","(02) 4365 4768","(02) 4365 1906","10","238","2018-02-16 10:24:46","2018-02-16 10:24:46",,,,
"11745","Daley","Michael","maroubra@parliament.nsw.gov.au",,,"Level 5, 806 Anzac Parade","MAROUBRA","NSW","2035","(02) 9349 4594","(02) 9349 6440","9","244","2018-02-16 10:24:46","2018-02-16 10:24:46",,,,
"11747","Davies","Tanya","mulgoa@parliament.nsw.gov.au","(02) 8574 5350","(02) 9339 5576","Shop 43, St Clair Shopping Centre, 155 Bennett Road","ST CLAIR","NSW","2759","(02) 9834 6291","(02) 9834 2966","10","239","2018-02-16 10:24:46","2018-02-16 10:24:46",,,,
"11749","Dib","Jihad","lakemba@parliament.nsw.gov.au",,,"Shop SP319, Roselands Shopping Centre, Roselands Drive","ROSELANDS","NSW","2196","(02) 9759 1945","(02) 9759 5000","9","254","2018-02-16 10:24:46","2018-02-16 10:24:46",,,,
"11751","Dominello","Victor","ryde@parliament.nsw.gov.au","(02) 8574 6607","(02) 9339 5526","Suite 202 Ground Floor, 5-9 Devlin Street","RYDE","NSW","2112","(02) 9877 6222","(02) 9808 3288","10","273","2018-02-16 10:24:46","2018-02-16 10:24:46",,,,
"11753","Donato","Philip","orange@parliament.nsw.gov.au",,,"123 Byng Street","ORANGE","NSW","2800","(02) 6361 3922","(02) 6362 5199","28","217","2018-02-16 10:24:46","2018-02-16 10:24:46",,,,
"11755","Doyle","Trish","bluemountains@parliament.nsw.gov.au",,,"132 Macquarie Road","SPRINGWOOD","NSW","2777","(02) 4751 1245","(02) 4751 3298","9","255","2018-02-16 10:24:46","2018-02-16 10:24:46",,,,
"11757","Elliott","David","baulkhamhills@parliament.nsw.gov.au","(02) 8574 6290","(02) 9339 5564","Suite 1, 25-33 Old Northern Road","BAULKHAM HILLS","NSW","2153","(02) 9686 3212","(02) 9686 3110","10","252","2018-02-16 10:24:46","2018-02-16 10:24:46",,,,
"11759","Evans","Lee","heathcote@parliament.nsw.gov.au",,,"Shops 1 & 2, 17 - 23 Station Street","ENGADINE","NSW","2233","(02) 9548 5639","(02) 9548 0144","10","236","2018-02-16 10:24:46","2018-02-16 10:24:46",,,,
"11761","Evans","Austin","murray@parliament.nsw.gov.au","(03) 5881 7034","(03) 5881 7839","NSW Government Offices, 104-110 Banna Avenue","GRIFFITH","NSW","2680","(02) 6962 7725","(02) 6962 6644","26","990","2018-02-16 10:24:46","2018-02-16 10:24:46",,,,
"11763","Finn","Julia","granville@parliament.nsw.gov.au",,,"160 Merrylands Road","MERRYLANDS","NSW","2160","(02) 9897 1434","(02) 9637 1656","9","272","2018-02-16 10:24:47","2018-02-16 10:24:47",,,,
"11765","Foley","Luke","auburn@parliament.nsw.gov.au","(02) 9230 2310","(02) 9230 3355","Mezzanine Level Lidcombe Centre, 92 Parramatta Road","LIDCOMBE","NSW","2141","(02) 9737 8844","(02) 9737 8822","9","235","2018-02-16 10:24:47","2018-02-16 10:24:47",,,,
"11767","Fraser","Andrew","coffsharbour@parliament.nsw.gov.au",,,"1/9 Park Avenue","COFFS HARBOUR","NSW","2450","(02) 6652 7934","(02) 6652 6500","26","228","2018-02-16 10:24:47","2018-02-16 10:24:47",,,,
"11769","George","Thomas","lismore@parliament.nsw.gov.au","(02) 9230 2059","(02) 9230 2220","55 Carrington Street","LISMORE","NSW","2480","(02) 6622 1403","(02) 6621 3624","26","189","2018-02-16 10:24:47","2018-02-16 10:24:47",,,,
"11771","Gibbons","Melanie","holsworthy@parliament.nsw.gov.au",,,"60 Walder Road","HAMMONDVILLE","NSW","2170","(02) 9825 4861","(02) 9825 3653","10","988","2018-02-16 10:24:47","2018-02-16 10:24:47",,,,
"11773","Goward","Pru","goulburn@parliament.nsw.gov.au","(02) 8574 5907","(02) 9339 5520","Shops 1 and 2, 167-173 Auburn Street","GOULBURN","NSW","2580","(02) 4822 6400","(02) 4822 6444","10","215","2018-02-16 10:24:47","2018-02-16 10:24:47",,,,
"11775","Grant","Troy","dubbo@parliament.nsw.gov.au","(02) 8574 6800","(02) 9339 5536","Shop 1, 18 Talbragar Street","DUBBO","NSW","2830","(02) 6882 3689","(02) 6882 3577","26","206","2018-02-16 10:24:47","2018-02-16 10:24:47",,,,
"11777","Greenwich","Alex","sydney@parliament.nsw.gov.au",,,"Ground Floor, 21 Oxford Street","DARLINGHURST","NSW","2010","(02) 9267 5955","(02) 9267 5999","29","267","2018-02-16 10:24:47","2018-02-16 10:24:47",,,,
"11779","Griffin","James","manly@parliament.nsw.gov.au",,,"Shop 2, 2 Wentworth Street","MANLY","NSW","2095","(02) 9976 2993","(02) 9976 2773","10","240","2018-02-16 10:24:47","2018-02-16 10:24:47",,,,
"11781","Gulaptis","Chris","clarence@parliament.nsw.gov.au",,,"11 Prince Street","GRAFTON","NSW","2460","(02) 6642 7574","(02) 6643 1244","26","209","2018-02-16 10:24:47","2018-02-16 10:24:47",,,,
"11783","Hancock","Shelley","southcoast@parliament.nsw.gov.au","(02) 9230 2201","(02) 9230 2846","1/57 Plunkett Street","NOWRA","NSW","2541","(02) 4422 1180","(02) 4421 0222","10","243","2018-02-16 10:24:47","2018-02-16 10:24:47",,,,
"11785","Harris","David","wyong@parliament.nsw.gov.au",,,"Shop 4, 142 Pacific Highway","WYONG","NSW","2259","(02) 4352 2766","(02) 4352 2711","9","259","2018-02-16 10:24:47","2018-02-16 10:24:47",,,,
"11787","Harrison","Jodie","charlestown@parliament.nsw.gov.au",,,"Unit 3, 313 Charlestown Road","CHARLESTOWN","NSW","2290","(02) 4942 1060","(02) 4942 1242","9","192","2018-02-16 10:24:47","2018-02-16 10:24:47",,,,
"11789","Haylen","Jo","summerhill@parliament.nsw.gov.au",,,"299-301 Marrickville Road","MARRICKVILLE","NSW","2204","(02) 9572 6414","(02) 9572 5900","9","994","2018-02-16 10:24:47","2018-02-16 10:24:47",,,,
"11791","Hazzard","Brad","wakehurst@parliament.nsw.gov.au","(02) 8574 6000","(02) 9339 5506","Shop 3 637-641 Pittwater Road","DEE WHY","NSW","2099","(02) 9981 5059","(02) 9981 1111","10","211","2018-02-16 10:24:47","2018-02-16 10:24:47",,,,
"11793","Henskens","Alister","kuringgai@parliament.nsw.gov.au",,,"27 Redleaf Avenue","WAHROONGA","NSW","2076","(02) 9487 8550","(02) 9487 8588","10","274","2018-02-16 10:24:47","2018-02-16 10:24:47",,,,
"11795","Hoenig","Ron","heffron@parliament.nsw.gov.au",,,"Shop 117, 747 Botany Road","ROSEBERY","NSW","2018","(02) 9699 8222","(02) 9699 8166","9","207","2018-02-16 10:24:47","2018-02-16 10:24:47",,,,
"11797","Hornery","Sonia","wallsend@parliament.nsw.gov.au",,,"Suite 3 30 Dan Rees Street","WALLSEND","NSW","2287","(02) 4950 0977","(02) 4950 0955","9","224","2018-02-16 10:24:47","2018-02-16 10:24:47",,,,
"11799","Humphries","Kevin","barwon@parliament.nsw.gov.au","(02) 6836 3722","(02) 6836 3811","Suite 1 Ground Floor, 60 Maitland Street","NARRABRI","NSW","2390","(02) 6792 1466","(02) 6792 1422","26","201","2018-02-16 10:24:47","2018-02-16 10:24:47",,,,
"11801","Johnsen","Michael","upperhunter@parliament.nsw.gov.au",,,"20 Bridge Street","MUSWELLBROOK","NSW","2333","(02) 6543 1416","(02) 6543 1065","26","186","2018-02-16 10:24:47","2018-02-16 10:24:47",,,,
"11803","Kamper","Steve","rockdale@parliament.nsw.gov.au",,,"478 Princes Highway","ROCKDALE","NSW","2216","(02) 9567 0508","(02) 9597 1414","9","225","2018-02-16 10:24:47","2018-02-16 10:24:47",,,,
"11805","Kean","Matt","hornsby@parliament.nsw.gov.au","(02) 8574 6150","(02) 9339 5572","Suite 5 The Madison, 25-29 Hunter Street","HORNSBY","NSW","2077","(02) 9476 2965","(02) 9476 3411","10","223","2018-02-16 10:24:47","2018-02-16 10:24:47",,,,
"11807","Lalich","Nick","cabramatta@parliament.nsw.gov.au",,,"Suite 10 Level 1, 5 Arthur Street","CABRAMATTA","NSW","2166","(02) 9724 6056","(02) 9724 3381","9","266","2018-02-16 10:24:47","2018-02-16 10:24:47",,,,
"11809","Lee","Geoff","parramatta@parliament.nsw.gov.au",,,"Ground Floor, 60 Macquarie Street","PARRAMATTA","NSW","2150","(02) 9891 5618","(02) 9891 4722","10","269","2018-02-16 10:24:47","2018-02-16 10:24:47",,,,
"11811","Leong","Jenny","newtown@parliament.nsw.gov.au",,,"383 King Street","NEWTOWN","NSW","2042","(02) 9517 2200","(02) 9517 2800","11","991","2018-02-16 10:24:47","2018-02-16 10:24:47",,,,
"11813","Lynch","Paul","liverpool@parliament.nsw.gov.au",,,"100 Moore Street","LIVERPOOL","NSW","2170","(02) 9821 1807","(02) 9602 0040","9","233","2018-02-16 10:24:47","2018-02-16 10:24:47",,,,
"11815","Maguire","Daryl","waggawagga@parliament.nsw.gov.au",,,"76 Morgan Street","WAGGA WAGGA","NSW","2650","(02) 6921 4424","(02) 6921 1622","10","194","2018-02-16 10:24:47","2018-02-16 10:24:47",,,,
"11817","Marshall","Adam","northerntablelands@parliament.nsw.gov.au","(02) 8574 5450","(02) 9339 5574","Suite 1 Ground Floor, 175 Rusden Street","ARMIDALE","NSW","2350","(02) 6772 5026","(02) 6772 5552","26","187","2018-02-16 10:24:47","2018-02-16 10:24:47",,,,
"11819","McDermott","Hugh","prospect@parliament.nsw.gov.au",,,"2/679 The Horsley Drive","SMITHFIELD","NSW","2164","(02) 9756 1544","(02) 9756 4766","9","992","2018-02-16 10:24:47","2018-02-16 10:24:47",,,,
"11821","McKay","Jodi","strathfield@parliament.nsw.gov.au",,,"Shop 2, 36-38 Victoria Street","BURWOOD","NSW","2134","(02) 9747 6054","(02) 9747 1711","9","234","2018-02-16 10:24:47","2018-02-16 10:24:47",,,,
"11823","Mehan","David","TheEntrance@parliament.nsw.gov.au",,,"24 The Entrance Road","THE ENTRANCE","NSW","2261","(02) 4334 3840","(02) 4334 1012","9","251","2018-02-16 10:24:47","2018-02-16 10:24:47",,,,
"11825","Mihailuk","Tania","bankstown@parliament.nsw.gov.au",,,"Ground Floor, 9A Greenfield Parade","BANKSTOWN","NSW","2200","(02) 9708 3960","(02) 9708 3838","9","246","2018-02-16 10:24:47","2018-02-16 10:24:47",,,,
"11827","Minns","Chris","kogarah@parliament.nsw.gov.au",,,"Suite 1 Ground Floor, 22-24 Regent Street","KOGARAH","NSW","2217","(02) 9588 7138","(02) 9587 9684","9","212","2018-02-16 10:24:47","2018-02-16 10:24:47",,,,
"11829","Notley-Smith","Bruce","coogee@parliament.nsw.gov.au",,,"15/53-55B Frenchmans Road","RANDWICK","NSW","2031","(02) 9398 1044","(02) 9398 1822","10","264","2018-02-16 10:24:47","2018-02-16 10:24:47",,,,
"11831","O'Dea","Jonathan","davidson@parliament.nsw.gov.au",,,"Suite 8A, 12 Tryon Road","LINDFIELD","NSW","2070","(02) 9880 7488","(02) 9880 7400","10","200","2018-02-16 10:24:47","2018-02-16 10:24:47",,,,
"11833","Park","Ryan","keira@parliament.nsw.gov.au",,,"Shops 2 and 3, 247 Princes Highway","CORRIMAL","NSW","2518","(02) 4285 1858","(02) 4285 1588","9","241","2018-02-16 10:24:47","2018-02-16 10:24:47",,,,
"11835","Parker","Jamie","balmain@parliament.nsw.gov.au",,,"112A Glebe Point Road","GLEBE","NSW","2037","(02) 9660 6112","(02) 9660 7586","11","220","2018-02-16 10:24:47","2018-02-16 10:24:47",,,,
"11837","Patterson","Chris","camden@parliament.nsw.gov.au",,,"66 John Street","CAMDEN","NSW","2570","(02) 4655 3325","(02) 4655 3333","10","261","2018-02-16 10:24:47","2018-02-16 10:24:47",,,,
"11839","Pavey","Melinda","oxley@parliament.nsw.gov.au","(02) 8574 7300","(02) 9339 5570","37 Elbow Street","WEST KEMPSEY","NSW","2440","(02) 6563 1355","(02) 6562 6190","26","205","2018-02-16 10:24:47","2018-02-16 10:24:47",,,,
"11841","Perrottet","Dominic","hawkesbury@parliament.nsw.gov.au","(02) 8574 6900","(02) 9339 5550","Western Sydney University, Building R4, College Drive","RICHMOND","NSW","2753","(02) 4578 0322","(02) 4578 0300","10","221","2018-02-16 10:24:47","2018-02-16 10:24:47",,,,
"11843","Petinos","Eleni","miranda@parliament.nsw.gov.au",,,"577 Kingsway","MIRANDA","NSW","2228","(02) 9540 2517","(02) 9525 6378","10","265","2018-02-16 10:24:47","2018-02-16 10:24:47",,,,
"11845","Piper","Greg","lakemacquarie@parliament.nsw.gov.au",,,"92 Victory Parade","TORONTO","NSW","2283","(02) 4950 4076","(02) 4959 3200","29","210","2018-02-16 10:24:47","2018-02-16 10:24:47",,,,
"11847","Provest","Geoff","tweed@parliament.nsw.gov.au",,,"103 Minjungbal Drive","TWEED HEADS SOUTH","NSW","2486","(07) 5523 4817","(07) 5523 4816","26","247","2018-02-16 10:24:47","2018-02-16 10:24:47",,,,
"11849","Roberts","Anthony","lanecove@parliament.nsw.gov.au","(02) 8574 5600","(02) 9339 5544","Level 3 Suite 302, 230 Victoria Road","GLADESVILLE","NSW","2111","(02) 9817 5885","(02) 9817 4757","10","229","2018-02-16 10:24:47","2018-02-16 10:24:47",,,,
"11851","Rowell","Jai","wollondilly@parliament.nsw.gov.au",,,"Shop 1, 117 Remembrance Drive","TAHMOOR","NSW","2573","(02) 4683 2595","(02) 4683 2622","10","218","2018-02-16 10:24:47","2018-02-16 10:24:47",,,,
"11853","Scully","Paul","wollongong@parliament.nsw.gov.au",,,"Suite 2S Rear Ground Floor, 111 Crown Street","WOLLONGONG","NSW","2500","(02) 4226 9963","(02) 4226 5700","9","258","2018-02-16 10:24:47","2018-02-16 10:24:47",,,,
"11855","Sidoti","John","drummoyne@parliament.nsw.gov.au",,,"128 Great North Road","FIVE DOCK","NSW","2046","(02) 9713 2911","(02) 9713 2999","10","184","2018-02-16 10:24:47","2018-02-16 10:24:47",,,,
"11857","Smith","Tamara","ballina@parliament.nsw.gov.au",,,"Shop 1, 7 Moon Street","BALLINA","NSW","2478","(02) 6686 7470","(02) 6686 7522","11","216","2018-02-16 10:24:47","2018-02-16 10:24:47",,,,
"11859","Speakman","Mark","cronulla@parliament.nsw.gov.au","(02) 8574 6390","(02) 9339 5562","Suite 203, 30 Kingsway","CRONULLA","NSW","2230","(02) 9527 4180","(02) 9527 1477","10","268","2018-02-16 10:24:47","2018-02-16 10:24:47",,,,
"11861","Stokes","Rob","pittwater@parliament.nsw.gov.au","(02) 8574 6707","(02) 9339 5554","1725 Pittwater Road","MONA VALE","NSW","2103","(02) 9999 0922","(02) 9999 3599","10","199","2018-02-16 10:24:47","2018-02-16 10:24:47",,,,
"11863","Taylor","Mark","sevenhills@parliament.nsw.gov.au",,,"166 Best Road","SEVEN HILLS","NSW","2147","(02) 9831 8044","(02) 9831 8022","10","993","2018-02-16 10:24:47","2018-02-16 10:24:47",,,,
"11865","Tesch","Liesl","gosford@parliament.nsw.gov.au",,,"20 Blackwall Road","WOY WOY","NSW","2256","(02) 4341 2368","(02) 4342 4122","9","248","2018-02-16 10:24:47","2018-02-16 10:24:47",,,,
"11867","Toole","Paul","bathurst@parliament.nsw.gov.au","(02) 8574 7000","(02) 9339 5552","Suites 1 and 2, 229 Howick Street","BATHURST","NSW","2795","(02) 6332 1900","(02) 6332 1300","26","182","2018-02-16 10:24:47","2018-02-16 10:24:47",,,,
"11869","Tudehope","Damien","epping@parliament.nsw.gov.au",,,"Suite 303, Level 3 51 Rawson Street","EPPING","NSW","2121","(02) 9877 0405","(02) 9877 0266","10","253","2018-02-16 10:24:47","2018-02-16 10:24:47",,,,
"11871","Upton","Gabrielle","vaucluse@parliament.nsw.gov.au","(02) 8574 6107","(02) 9339 5546","330 New South Head Road","DOUBLE BAY","NSW","2028","(02) 9328 1132","(02) 9326 1856","10","256","2018-02-16 10:24:47","2018-02-16 10:24:47",,,,
"11873","Ward","Gareth","kiama@parliament.nsw.gov.au",,,"102 Terralong Street","KIAMA","NSW","2533","(02) 4232 3577","(02) 4232 1082","10","202","2018-02-16 10:24:47","2018-02-16 10:24:47",,,,
"11875","Warren","Greg","campbelltown@parliament.nsw.gov.au",,,"Shop 3, 72 Queen Street","CAMPBELLTOWN","NSW","2560","(02) 4626 3640","(02) 4625 3344","9","197","2018-02-16 10:24:47","2018-02-16 10:24:47",,,,
"11877","Washington","Kate","portstephens@parliament.nsw.gov.au",,,"1/82 Port Stephens Street","RAYMOND TERRACE","NSW","2324","(02) 4987 4466","(02) 4987 4455","9","219","2018-02-16 10:24:47","2018-02-16 10:24:47",,,,
"11879","Watson","Anna","shellharbour@parliament.nsw.gov.au",,,"Shop 3, 10 College Avenue Shellharbour City Centre","SHELLHARBOUR","NSW","2529","(02) 4297 3144","(02) 4297 3111","9","203","2018-02-16 10:24:47","2018-02-16 10:24:47",,,,
"11881","Williams","Leslie","portmacquarie@parliament.nsw.gov.au",,,"Suite 6, 27 Grant Street","PORT MACQUARIE","NSW","2444","(02) 6584 0978","(02) 6584 0977","26","250","2018-02-16 10:24:47","2018-02-16 10:24:47",,,,
"11883","Williams","Ray","castlehill@parliament.nsw.gov.au","(02) 8574 7050","(02) 9339 5580","Suite 202 Rouse Hill Town Centre, 10-14 Market Lane","ROUSE HILL","NSW","2155","(02) 8882 9411","(02) 8882 9555","10","271","2018-02-16 10:24:47","2018-02-16 10:24:47",,,,
"11885","Wilson","Felicity","northshore@parliament.nsw.gov.au",,,"Suite 3, 40 Yeo Street","NEUTRAL BAY","NSW","2089","(02) 9909 2654","(02) 9909 2594","10","242","2018-02-16 10:24:47","2018-02-16 10:24:47",,,,
"11887","Zangari","Guy","fairfield@parliament.nsw.gov.au",,,"55A Smart Street","FAIRFIELD","NSW","2165","(02) 9726 9783","(02) 9726 9323","9","249","2018-02-16 10:24:47","2018-02-16 10:24:47",,,,
